Txn Date,Value Date,Narration,Chq/Ref No,Withdrawal Amt.,Deposit Amt.,Closing Balance
20/01/25,20/01/25,UPI/NETFLIX BILLDESK/384212/PAYMENT,demo:family:0,649.00,,"249,351.00"
20/01/25,20/01/25,NEFT-VIJAY MEHTA-6467-RENT,demo:family:134,"32,000.00",,"217,351.00"
20/01/25,20/01/25,SALARY GLOBEX CONSULTING PVT LTD 401543,demo:family:152,,"185,000.00","402,351.00"
20/01/25,20/01/25,ACH-D- SBILOAN HOME EMI 783850,demo:family:170,"42,000.00",,"360,351.00"
20/01/25,20/01/25,UPI/HOTSTARSUB/425794/PAYMENT,demo:family:18,299.00,,"360,052.00"
20/01/25,20/01/25,ACH-D- ICICILOAN CAR EMI 344272,demo:family:188,"18,500.00",,"341,552.00"
20/01/25,20/01/25,ACH-D- KUVERA AXIS BLUECHIP SIP,demo:family:206,"15,000.00",,"326,552.00"
20/01/25,20/01/25,TATA POWER BILL 608624,demo:family:242,"4,844.98",,"321,707.02"
20/01/25,20/01/25,UPI/AMAZONPAY/479016/PAYMENT,demo:family:268,"1,662.02",,"320,045.00"
20/01/25,20/01/25,POS 9207XXXX1102 SWIGGY BUNDL TECH HYDERABAD,demo:family:351,565.50,,"319,479.50"
20/01/25,20/01/25,POS 9207XXXX1102 SWIGGY BUNDL TECH DELHI,demo:family:413,244.42,,"319,235.08"
20/01/25,20/01/25,UPI/ZEE5SUB/371153/PAYMENT,demo:family:42,199.00,,"319,036.08"
20/01/25,20/01/25,UPI/ZOMATO/294836/PAYMENT,demo:family:420,750.00,,"318,286.08"
20/01/25,20/01/25,UPI/ZOMATO/246655/PAYMENT,demo:family:450,750.00,,"317,536.08"
20/01/25,20/01/25,UPI/SWIGGY/415631/PAYMENT,demo:family:477,222.88,,"317,313.20"
20/01/25,20/01/25,POS 9207XXXX1102 UBER INDIA SYSTEMS MUMBAI,demo:family:479,316.07,,"316,997.13"
20/01/25,20/01/25,UPI/ARJUN4841@OKHDFCBANK/510197/PAYMENT,demo:family:499,"1,250.00",,"315,747.13"
20/01/25,20/01/25,NEFT-AMAZONSELLER-7672-RTGS,demo:family:509,"4,500.00",,"311,247.13"
20/01/25,20/01/25,UPI/PRIYA1607@OKAXIS/962631/PAYMENT,demo:family:521,850.00,,"310,397.13"
20/01/25,20/01/25,UPI/SWIGGYUPI/181738/PAY,demo:family:543,427.49,,"309,969.64"
20/01/25,20/01/25,UPI/AMAZONPRIME/622620/PAYMENT,demo:family:60,"1,499.00",,"308,470.64"
20/01/25,20/01/25,UPI/AMAZONPAY/414409/PAYMENT,demo:family:607,"1,505.25",,"306,965.39"
20/01/25,20/01/25,UPI/ACTFIBERNET/131697/PAYMENT,demo:family:62,"1,349.00",,"305,616.39"
20/01/25,20/01/25,POS 9207XXXX1102 UBER INDIA SYSTEMS GURGAON,demo:family:678,328.77,,"305,287.62"
20/01/25,20/01/25,UPI/BHARATPETRO/175893/PAYMENT,demo:family:679,"3,000.00",,"302,287.62"
20/01/25,20/01/25,NEFT-AMAZONSELLER-2196-RTGS,demo:family:692,"1,579.88",,"300,707.74"
20/01/25,20/01/25,POS 9207XXXX1102 ZOMATO LTD CHENNAI,demo:family:718,360.42,,"300,347.32"
20/01/25,20/01/25,UPI/UBERINDIA/129486/PAYMENT,demo:family:770,164.92,,"300,182.40"
20/01/25,20/01/25,UPI/UBERINDIA/951816/PAYMENT,demo:family:793,274.59,,"299,907.81"
20/01/25,20/01/25,UPI/AIRTELPOSTPAID/285478/PAYMENT,demo:family:80,999.00,,"298,908.81"
20/01/25,20/01/25,UPI/CULTFIT/529898/PAYMENT,demo:family:98,"2,499.00",,"296,409.81"
21/01/25,21/01/25,CC PAYMENT AUTOPAY AXIS 6304,demo:family:224,"25,011.15",,"271,398.66"
21/01/25,21/01/25,UPI/ARJUN6643@OKHDFCBANK/259490/PAYMENT,demo:family:659,500.00,,"270,898.66"
21/01/25,21/01/25,UPI/SWIGGY/920389/PAYMENT,demo:family:748,382.96,,"270,515.70"
22/01/25,22/01/25,POS 9207XXXX1102 HP PETRO PUMP HYDERABAD,demo:family:730,"2,310.00",,"268,205.70"
23/01/25,23/01/25,POS 9207XXXX1102 UBER INDIA SYSTEMS DELHI,demo:family:626,328.61,,"267,877.09"
24/01/25,24/01/25,UPI/SONYLIVSUB/329832/PAYMENT,demo:family:24,299.00,,"267,578.09"
24/01/25,24/01/25,POS 9207XXXX1102 INDIAN OIL DELHI,demo:family:374,"1,130.00",,"266,448.09"
24/01/25,24/01/25,POS 9207XXXX1102 SWIGGY BUNDL TECH MUMBAI,demo:family:642,257.54,,"266,190.55"
25/01/25,25/01/25,UPI/UBERINDIA/186545/PAYMENT,demo:family:747,285.98,,"265,904.57"
26/01/25,26/01/25,IMPS-P2A-812397-ROHIT SHARMA,demo:family:404,700.00,,"265,204.57"
26/01/25,26/01/25,UPI/ZOMATO/365285/PAYMENT,demo:family:695,750.00,,"264,454.57"
27/01/25,27/01/25,UPI/SWIGGY/235554/PAYMENT,demo:family:600,247.32,,"264,207.25"
27/01/25,27/01/25,POS 9207XXXX1102 SWIGGY BUNDL TECH MUMBAI,demo:family:734,299.36,,"263,907.89"
28/01/25,28/01/25,UPI/SWIGGYONE/721988/PAYMENT,demo:family:116,1.00,,"263,906.89"
29/01/25,29/01/25,UPI/UBERINDIA/125735/PAYMENT,demo:family:421,338.37,,"263,568.52"
30/01/25,30/01/25,UPI/BHARATPETRO/532108/PAYMENT,demo:family:278,"1,170.00",,"262,398.52"
31/01/25,31/01/25,UPI/PRIYA2344@OKAXIS/658396/PAYMENT,demo:family:744,300.00,,"262,098.52"
01/02/25,01/02/25,NEFT-GLOBEX CONSULTING-5815-SALARY,demo:family:153,,"185,000.00","447,098.52"
01/02/25,01/02/25,UPI/AMAZONPAY/515209/PAYMENT,demo:family:572,"4,500.00",,"442,598.52"
02/02/25,02/02/25,IMPS-P2A-674246-VIJAY MEHTA RENT,demo:family:135,"32,000.00",,"410,598.52"
02/02/25,02/02/25,ACH-D- ATRIA CONVERGENCE TECHNOLOGIES,demo:family:63,"1,349.00",,"409,249.52"
02/02/25,02/02/25,UPI/UBERINDIA/973120/PAYMENT,demo:family:703,600.00,,"408,649.52"
02/02/25,02/02/25,POS 9207XXXX1102 SWIGGY BUNDL TECH BENGALURU,demo:family:737,402.67,,"408,246.85"
03/02/25,03/02/25,POS 9207XXXX1102 SWIGGY BUNDL TECH CHENNAI,demo:family:526,401.23,,"407,845.62"
03/02/25,03/02/25,UPI/SWIGGY/909256/PAYMENT,demo:family:719,637.78,,"407,207.84"
04/02/25,04/02/25,IMPS-P2A-292478-ROHIT SHARMA,demo:family:287,"1,350.00",,"405,857.84"
07/02/25,07/02/25,EMI SBI HOME LOAN 127081,demo:family:171,"42,000.00",,"363,857.84"
08/02/25,08/02/25,ACH-D- NETFLIX ENTERTAINMENT SERVICES,demo:family:1,649.00,,"363,208.84"
08/02/25,08/02/25,ACH-D- ZEE ENTERTAINMENT ENTERPRISES,demo:family:43,199.00,,"363,009.84"
10/02/25,10/02/25,NACH-SIP KUVERA-6982-MF,demo:family:207,"15,000.00",,"348,009.84"
12/02/25,12/02/25,ACH-D- CUREFIT HEALTHCARE PVT LTD,demo:family:99,"2,499.00",,"345,510.84"
13/02/25,13/02/25,UPI/TATAPOWERDL/511185/PAYMENT,demo:family:243,"4,279.02",,"341,231.82"
13/02/25,13/02/25,UPI/MEGHA4364@YBL/312440/PAYMENT,demo:family:577,"2,000.00",,"339,231.82"
14/02/25,14/02/25,UPI/ZOMATO/618879/PAYMENT,demo:family:387,514.62,,"338,717.20"
15/02/25,15/02/25,UPI/SWIGGY/113090/PAYMENT,demo:family:766,277.29,,"338,439.91"
16/02/25,16/02/25,NACH-ICICI BANK LOAN-6415,demo:family:189,"18,500.00",,"319,939.91"
16/02/25,16/02/25,UPI/SWIGGYUPI/456312/PAY,demo:family:468,700.00,,"319,239.91"
18/02/25,18/02/25,UPI/ZOMATO/519100/PAYMENT,demo:family:333,462.44,,"318,777.47"
18/02/25,18/02/25,UPI/ARJUN3194@OKHDFCBANK/516124/PAYMENT,demo:family:343,450.00,,"318,327.47"
18/02/25,18/02/25,UPI/SWIGGY/570799/PAYMENT,demo:family:554,324.64,,"318,002.83"
19/02/25,19/02/25,POS 9207XXXX1102 AMAZON.IN CHENNAI,demo:family:540,"4,500.00",,"313,502.83"
19/02/25,19/02/25,ACH-D- BHARTI AIRTEL LIMITED,demo:family:81,999.00,,"312,503.83"
21/02/25,21/02/25,AUTOPAY CARD PAYMENT 634845,demo:family:225,"43,166.01",,"269,337.82"
21/02/25,21/02/25,UPI/SWIGGYUPI/252633/PAY,demo:family:322,205.22,,"269,132.60"
21/02/25,21/02/25,POS 9207XXXX1102 UBER INDIA SYSTEMS HYDERABAD,demo:family:467,600.00,,"268,532.60"
21/02/25,21/02/25,POS 9207XXXX1102 ZOMATO LTD CHENNAI,demo:family:575,400.33,,"268,132.27"
21/02/25,21/02/25,POS 9207XXXX1102 ZOMATO LTD GURGAON,demo:family:741,281.01,,"267,851.26"
23/02/25,23/02/25,UPI/ZOMATO/212103/PAYMENT,demo:family:309,602.50,,"267,248.76"
23/02/25,23/02/25,POS 9207XXXX1102 AMAZON.IN DELHI,demo:family:570,"2,145.26",,"265,103.50"
23/02/25,23/02/25,POS 9207XXXX1102 UBER INDIA SYSTEMS CHENNAI,demo:family:664,400.05,,"264,703.45"
24/02/25,24/02/25,ACH-D- SONY PICTURES NETWORKS INDIA,demo:family:25,299.00,,"264,404.45"
24/02/25,24/02/25,NEFT-AMAZONSELLER-6930-RTGS,demo:family:525,"2,072.93",,"262,331.52"
25/02/25,25/02/25,POS 9207XXXX1102 UBER INDIA SYSTEMS CHENNAI,demo:family:464,321.00,,"262,010.52"
25/02/25,25/02/25,UPI/AMAZONPAY/752583/PAYMENT,demo:family:497,598.75,,"261,411.77"
25/02/25,25/02/25,POS 9207XXXX1102 SWIGGY BUNDL TECH MUMBAI,demo:family:639,220.28,,"261,191.49"
26/02/25,26/02/25,POS 9207XXXX1102 AMAZON.IN CHENNAI,demo:family:699,"2,613.26",,"258,578.23"
27/02/25,27/02/25,SALARY GLOBEX CONSULTING PVT LTD 742743,demo:family:154,,"185,000.00","443,578.23"
27/02/25,27/02/25,POS 9207XXXX1102 UBER INDIA SYSTEMS PUNE,demo:family:731,207.25,,"443,370.98"
28/02/25,28/02/25,NEFT-VIJAY MEHTA-7064-RENT,demo:family:136,"32,000.00",,"411,370.98"
28/02/25,28/02/25,NEFT-AMAZONSELLER-6972-RTGS,demo:family:445,"1,571.24",,"409,799.74"
28/02/25,28/02/25,POS 9207XXXX1102 ZOMATO LTD GURGAON,demo:family:576,328.60,,"409,471.14"
28/02/25,28/02/25,POS 9207XXXX1102 HP PETRO PUMP BENGALURU,demo:family:736,"3,000.00",,"406,471.14"
01/03/25,01/03/25,UPI/MEGHA1905@YBL/223357/PAYMENT,demo:family:395,850.00,,"405,621.14"
01/03/25,01/03/25,UPI/ZOMATO/519960/PAYMENT,demo:family:431,305.84,,"405,315.30"
02/03/25,02/03/25,ACH-D- BUNDL TECHNOLOGIES PVT LTD,demo:family:117,99.00,,"405,216.30"
02/03/25,02/03/25,NEFT-ACTFIBER-8598-RTGS,demo:family:64,"1,349.00",,"403,867.30"
04/03/25,04/03/25,POS 9207XXXX1102 ZOMATO LTD HYDERABAD,demo:family:302,476.49,,"403,390.81"
04/03/25,04/03/25,POS 9207XXXX1102 UBER INDIA SYSTEMS HYDERABAD,demo:family:416,163.07,,"403,227.74"
05/03/25,05/03/25,ACH-D- SBILOAN HOME EMI 919985,demo:family:172,"42,000.00",,"361,227.74"
05/03/25,05/03/25,UPI/SWIGGY/400912/PAYMENT,demo:family:713,296.46,,"360,931.28"
05/03/25,05/03/25,UPI/UBERINDIA/590027/PAYMENT,demo:family:754,600.00,,"360,331.28"
06/03/25,06/03/25,POS 9207XXXX1102 SWIGGY BUNDL TECH CHENNAI,demo:family:409,480.50,,"359,850.78"
06/03/25,06/03/25,POS 9207XXXX7788 ZEE5.COM MUMBAI,demo:family:44,199.00,,"359,651.78"
06/03/25,06/03/25,UPI/ZOMATO/990844/PAYMENT,demo:family:454,470.54,,"359,181.24"
07/03/25,07/03/25,NEFT-NETFLIXENT-3032-RTGS,demo:family:2,649.00,,"358,532.24"
08/03/25,08/03/25,ACH-D- KUVERA AXIS BLUECHIP SIP,demo:family:208,"15,000.00",,"343,532.24"
09/03/25,09/03/25,POS 9207XXXX7788 CULT.FIT BENGALURU,demo:family:100,"2,499.00",,"341,033.24"
10/03/25,10/03/25,POS 9207XXXX1102 ZOMATO LTD HYDERABAD,demo:family:380,716.19,,"340,317.05"
11/03/25,11/03/25,POS 9207XXXX1102 HP PETRO PUMP HYDERABAD,demo:family:398,"1,510.00",,"338,807.05"
11/03/25,11/03/25,POS 9207XXXX1102 SWIGGY BUNDL TECH GURGAON,demo:family:791,281.56,,"338,525.49"
12/03/25,12/03/25,ATM CASH 461909 BENGALURU,demo:family:541,"3,500.00",,"335,025.49"
12/03/25,12/03/25,POS 9207XXXX1102 ZOMATO LTD HYDERABAD,demo:family:647,360.75,,"334,664.74"
13/03/25,13/03/25,TATA POWER BILL 672888,demo:family:244,"4,074.33",,"330,590.41"
13/03/25,13/03/25,UPI/UBERINDIA/407847/PAYMENT,demo:family:358,246.11,,"330,344.30"
13/03/25,13/03/25,ATM CASH 623375 MUMBAI,demo:family:663,"5,000.00",,"325,344.30"
14/03/25,14/03/25,POS 9207XXXX1102 SWIGGY BUNDL TECH BENGALURU,demo:family:568,284.04,,"325,060.26"
15/03/25,15/03/25,ACH-D- ICICILOAN CAR EMI 789522,demo:family:190,"18,500.00",,"306,560.26"
15/03/25,15/03/25,UPI/ARJUN4153@OKHDFCBANK/840858/PAYMENT,demo:family:267,500.00,,"306,060.26"
15/03/25,15/03/25,UPI/SWIGGY/651759/PAYMENT,demo:family:372,619.03,,"305,441.23"
15/03/25,15/03/25,ATM WDL PUNE 163178,demo:family:625,"4,000.00",,"301,441.23"
16/03/25,16/03/25,POS 9207XXXX1102 UBER INDIA SYSTEMS HYDERABAD,demo:family:738,184.78,,"301,256.45"
18/03/25,18/03/25,POS 9207XXXX1102 ZOMATO LTD DELHI,demo:family:590,355.42,,"300,901.03"
19/03/25,19/03/25,POS 9207XXXX1102 AMAZON.IN PUNE,demo:family:367,572.94,,"300,328.09"
20/03/25,20/03/25,UPI/ARJUN1965@OKHDFCBANK/155653/PAYMENT,demo:family:336,950.00,,"299,378.09"
20/03/25,20/03/25,POS 9207XXXX7788 AIRTEL.IN GURGAON,demo:family:82,999.00,,"298,379.09"
22/03/25,22/03/25,CC PAYMENT AUTOPAY AXIS 8821,demo:family:226,"64,714.98",,"233,664.11"
23/03/25,23/03/25,UPI/ZOMATO/585735/PAYMENT,demo:family:529,623.50,,"233,040.61"
24/03/25,24/03/25,POS 9207XXXX7788 SONYLIV.COM MUMBAI,demo:family:26,299.00,,"232,741.61"
24/03/25,24/03/25,UPI/ZOMATO/552877/PAYMENT,demo:family:712,200.02,,"232,541.59"
27/03/25,27/03/25,UPI/ZOMATO/879102/PAYMENT,demo:family:752,495.02,,"232,046.57"
29/03/25,29/03/25,POS 9207XXXX1102 SWIGGY BUNDL TECH HYDERABAD,demo:family:290,282.20,,"231,764.37"
29/03/25,29/03/25,ATM WDL CHENNAI 537183,demo:family:495,"2,000.00",,"229,764.37"
29/03/25,29/03/25,UPI/SWIGGY/404450/PAYMENT,demo:family:584,299.12,,"229,465.25"
29/03/25,29/03/25,POS 9207XXXX1102 IRCTC NEW DELHI,demo:family:711,613.25,,"228,852.00"
30/03/25,30/03/25,POS 9207XXXX7788 SWIGGY ONE BENGALURU,demo:family:118,99.00,,"228,753.00"
01/04/25,01/04/25,POS 9207XXXX1102 HP PETRO PUMP HYDERABAD,demo:family:355,"1,420.00",,"227,333.00"
01/04/25,01/04/25,POS 9207XXXX1102 ZOMATO LTD GURGAON,demo:family:501,376.42,,"226,956.58"
02/04/25,02/04/25,NEFT-GLOBEX CONSULTING-7459-SALARY,demo:family:155,,"185,000.00","411,956.58"
03/04/25,03/04/25,EMI SBI HOME LOAN 525499,demo:family:173,"42,000.00",,"369,956.58"
04/04/25,04/04/25,IMPS-P2A-349304-VIJAY MEHTA RENT,demo:family:137,"32,000.00",,"337,956.58"
04/04/25,04/04/25,POS 9207XXXX1102 ZOMATO LTD HYDERABAD,demo:family:308,327.81,,"337,628.77"
04/04/25,04/04/25,POS 9207XXXX1102 IRCTC NEW DELHI,demo:family:606,442.75,,"337,186.02"
04/04/25,04/04/25,UPI/ACTFIBERNET/448484/PAYMENT,demo:family:65,"1,349.00",,"335,837.02"
04/04/25,04/04/25,POS 9207XXXX1102 INDIAN OIL CHENNAI,demo:family:786,"2,380.00",,"333,457.02"
05/04/25,05/04/25,POS 9207XXXX1102 AMAZON.IN PUNE,demo:family:565,"1,504.08",,"331,952.94"
05/04/25,05/04/25,NEFT-AMAZONSELLER-7102-RTGS,demo:family:682,"2,650.34",,"329,302.60"
05/04/25,05/04/25,POS 9207XXXX1102 ZOMATO LTD GURGAON,demo:family:749,370.17,,"328,932.43"
06/04/25,06/04/25,POS 9207XXXX1102 ZOMATO LTD HYDERABAD,demo:family:357,536.42,,"328,396.01"
06/04/25,06/04/25,UPI/ZEE5SUB/660145/PAYMENT,demo:family:45,199.00,,"328,197.01"
07/04/25,07/04/25,UPI/UBERINDIA/164446/PAYMENT,demo:family:465,379.22,,"327,817.79"
07/04/25,07/04/25,UPI/ARJUN8481@OKHDFCBANK/279119/PAYMENT,demo:family:538,"2,000.00",,"325,817.79"
07/04/25,07/04/25,UPI/AMAZONPAY/665404/PAYMENT,demo:family:799,"1,261.38",,"324,556.41"
08/04/25,08/04/25,NACH-SIP KUVERA-6074-MF,demo:family:209,"15,000.00",,"309,556.41"
09/04/25,09/04/25,UPI/ARJUN1977@OKHDFCBANK/474568/PAYMENT,demo:family:630,"2,000.00",,"307,556.41"
09/04/25,09/04/25,POS 9207XXXX1102 UBER INDIA SYSTEMS HYDERABAD,demo:family:760,221.38,,"307,335.03"
10/04/25,10/04/25,POS 9207XXXX7788 NETFLIX.COM MUMBAI,demo:family:3,649.00,,"306,686.03"
11/04/25,11/04/25,UPI/UBERINDIA/670493/PAYMENT,demo:family:337,266.56,,"306,419.47"
11/04/25,11/04/25,UPI/SWIGGY/416977/PAYMENT,demo:family:458,207.12,,"306,212.35"
11/04/25,11/04/25,UPI/UBERINDIA/466623/PAYMENT,demo:family:742,261.99,,"305,950.36"
12/04/25,12/04/25,UPI/CULTFIT/741588/PAYMENT,demo:family:101,"2,499.00",,"303,451.36"
12/04/25,12/04/25,POS 9207XXXX1102 UBER INDIA SYSTEMS CHENNAI,demo:family:485,341.15,,"303,110.21"
12/04/25,12/04/25,POS 9207XXXX1102 IRCTC NEW DELHI,demo:family:779,"1,603.02",,"301,507.19"
13/04/25,13/04/25,UPI/SWIGGYUPI/282477/PAY,demo:family:510,534.04,,"300,973.15"
13/04/25,13/04/25,UPI/ARJUN6137@OKHDFCBANK/888147/PAYMENT,demo:family:685,"1,350.00",,"299,623.15"
13/04/25,13/04/25,POS 9207XXXX1102 ZOMATO LTD BENGALURU,demo:family:696,313.55,,"299,309.60"
15/04/25,15/04/25,UPI/TATAPOWERDL/263370/PAYMENT,demo:family:245,"2,142.58",,"297,167.02"
15/04/25,15/04/25,UPI/SWIGGYUPI/662912/PAY,demo:family:264,700.00,,"296,467.02"
16/04/25,16/04/25,ACH-D- JIOHOTSTAR DIGITAL,demo:family:19,299.00,,"296,168.02"
16/04/25,16/04/25,POS 9207XXXX1102 AMAZON.IN BENGALURU,demo:family:520,934.92,,"295,233.10"
17/04/25,17/04/25,NACH-ICICI BANK LOAN-1654,demo:family:191,"18,500.00",,"276,733.10"
18/04/25,18/04/25,UPI/SWIGGYUPI/613119/PAY,demo:family:381,498.49,,"276,234.61"
18/04/25,18/04/25,UPI/AIRTELPOSTPAID/447261/PAYMENT,demo:family:83,999.00,,"275,235.61"
20/04/25,20/04/25,UPI/SWIGGYUPI/415312/PAY,demo:family:500,390.19,,"274,845.42"
21/04/25,21/04/25,UPI/AMAZONPAY/801289/PAYMENT,demo:family:653,701.80,,"274,143.62"
22/04/25,22/04/25,AUTOPAY CARD PAYMENT 361663,demo:family:227,"71,093.80",,"203,049.82"
24/04/25,24/04/25,UPI/ZOMATO/964428/PAYMENT,demo:family:406,426.99,,"202,622.83"
25/04/25,25/04/25,UPI/SWIGGYUPI/911518/PAY,demo:family:295,227.87,,"202,394.96"
25/04/25,25/04/25,UPI/UBERINDIA/650618/PAYMENT,demo:family:377,600.00,,"201,794.96"
25/04/25,25/04/25,UPI/ARJUN4475@OKHDFCBANK/964797/PAYMENT,demo:family:463,"1,250.00",,"200,544.96"
25/04/25,25/04/25,UPI/UBERINDIA/235449/PAYMENT,demo:family:490,140.55,,"200,404.41"
25/04/25,25/04/25,POS 9207XXXX1102 HP PETRO PUMP GURGAON,demo:family:698,"1,380.00",,"199,024.41"
25/04/25,25/04/25,UPI/SWIGGYUPI/642548/PAY,demo:family:796,270.20,,"198,754.21"
26/04/25,26/04/25,UPI/SWIGGYONE/228071/PAYMENT,demo:family:119,99.00,,"198,655.21"
26/04/25,26/04/25,UPI/SONYLIVSUB/217596/PAYMENT,demo:family:27,299.00,,"198,356.21"
26/04/25,26/04/25,UPI/PRIYA9239@OKAXIS/933913/PAYMENT,demo:family:528,"1,050.00",,"197,306.21"
26/04/25,26/04/25,UPI/SWIGGY/208698/PAYMENT,demo:family:728,700.00,,"196,606.21"
27/04/25,27/04/25,UPI/SWIGGYUPI/733417/PAY,demo:family:396,311.96,,"196,294.25"
28/04/25,28/04/25,UPI/AMAZONPAY/526350/PAYMENT,demo:family:407,"1,618.37",,"194,675.88"
30/04/25,30/04/25,SALARY GLOBEX CONSULTING PVT LTD 993543,demo:family:156,,"185,000.00","379,675.88"
01/05/25,01/05/25,UPI/ZOMATO/426440/PAYMENT,demo:family:466,367.87,,"379,308.01"
01/05/25,01/05/25,IMPS-P2A-226968-ROHIT SHARMA,demo:family:723,450.00,,"378,858.01"
02/05/25,02/05/25,ACH-D- ATRIA CONVERGENCE TECHNOLOGIES,demo:family:66,"1,456.92",,"377,401.09"
03/05/25,03/05/25,NEFT-VIJAY MEHTA-8813-RENT,demo:family:138,"32,000.00",,"345,401.09"
04/05/25,04/05/25,ACH-D- ZEE ENTERTAINMENT ENTERPRISES,demo:family:46,199.00,,"345,202.09"
04/05/25,04/05/25,UPI/UBERINDIA/711773/PAYMENT,demo:family:672,391.60,,"344,810.49"
04/05/25,04/05/25,POS 9207XXXX1102 ZOMATO LTD CHENNAI,demo:family:758,750.00,,"344,060.49"
05/05/25,05/05/25,ACH-D- SBILOAN HOME EMI 978546,demo:family:174,"42,000.00",,"302,060.49"
05/05/25,05/05/25,UPI/AMAZONPAY/556654/PAYMENT,demo:family:319,"1,243.36",,"300,817.13"
06/05/25,06/05/25,UPI/ZOMATO/638930/PAYMENT,demo:family:330,366.94,,"300,450.19"
07/05/25,07/05/25,UPI/IRCTCUPI/493273/PAYMENT,demo:family:324,909.19,,"299,541.00"
07/05/25,07/05/25,UPI/BHARATPETRO/355849/PAYMENT,demo:family:676,"1,170.00",,"298,371.00"
08/05/25,08/05/25,ACH-D- KUVERA AXIS BLUECHIP SIP,demo:family:210,"15,000.00",,"283,371.00"
08/05/25,08/05/25,POS 9207XXXX1102 HP PETRO PUMP BENGALURU,demo:family:596,"1,410.00",,"281,961.00"
09/05/25,09/05/25,ACH-D- CUREFIT HEALTHCARE PVT LTD,demo:family:102,"2,499.00",,"279,462.00"
09/05/25,09/05/25,UPI/NETFLIX BILLDESK/888577/PAYMENT,demo:family:4,649.00,,"278,813.00"
09/05/25,09/05/25,POS 9207XXXX1102 UBER INDIA SYSTEMS BENGALURU,demo:family:726,163.78,,"278,649.22"
10/05/25,10/05/25,POS 9207XXXX1102 SWIGGY BUNDL TECH HYDERABAD,demo:family:613,293.87,,"278,355.35"
11/05/25,11/05/25,TATA POWER BILL 163315,demo:family:246,"5,020.20",,"273,335.15"
11/05/25,11/05/25,POS 9207XXXX1102 ZOMATO LTD PUNE,demo:family:798,337.41,,"272,997.74"
12/05/25,12/05/25,POS 9207XXXX1102 HP PETRO PUMP DELHI,demo:family:354,"1,790.00",,"271,207.74"
14/05/25,14/05/25,UPI/AMAZONPAY/761573/PAYMENT,demo:family:313,"3,552.89",,"267,654.85"
17/05/25,17/05/25,ATM CASH 121663 DELHI,demo:family:273,"5,000.00",,"262,654.85"
17/05/25,17/05/25,UPI/SWIGGY/867484/PAYMENT,demo:family:306,244.93,,"262,409.92"
17/05/25,17/05/25,ACH-D- BHARTI AIRTEL LIMITED,demo:family:84,999.00,,"261,410.92"
18/05/25,18/05/25,ACH-D- ICICILOAN CAR EMI 181936,demo:family:192,"18,500.00",,"242,910.92"
19/05/25,19/05/25,POS 9207XXXX1102 AMAZON.IN DELHI,demo:family:399,437.90,,"242,473.02"
19/05/25,19/05/25,UPI/UBERINDIA/907020/PAYMENT,demo:family:487,251.25,,"242,221.77"
19/05/25,19/05/25,UPI/SWIGGYUPI/366831/PAY,demo:family:537,302.22,,"241,919.55"
19/05/25,19/05/25,UPI/ZOMATO/577274/PAYMENT,demo:family:597,750.00,,"241,169.55"
20/05/25,20/05/25,POS 9207XXXX1102 HP PETRO PUMP PUNE,demo:family:671,"2,820.00",,"238,349.55"
22/05/25,22/05/25,CC PAYMENT AUTOPAY AXIS 7099,demo:family:228,"46,252.77",,"192,096.78"
23/05/25,23/05/25,UPI/MEGHA2431@YBL/809520/PAYMENT,demo:family:436,"1,050.00",,"191,046.78"
23/05/25,23/05/25,POS 9207XXXX1102 SWIGGY BUNDL TECH PUNE,demo:family:646,240.19,,"190,806.59"
24/05/25,24/05/25,IMPS-P2A-511369-ROHIT SHARMA,demo:family:516,950.00,,"189,856.59"
26/05/25,26/05/25,ACH-D- SONY PICTURES NETWORKS INDIA,demo:family:28,299.00,,"189,557.59"
26/05/25,26/05/25,UPI/UBERINDIA/870233/PAYMENT,demo:family:284,270.64,,"189,286.95"
28/05/25,28/05/25,ACH-D- BUNDL TECHNOLOGIES PVT LTD,demo:family:120,99.00,,"189,187.95"
29/05/25,29/05/25,UPI/MEGHA7090@YBL/329581/PAYMENT,demo:family:288,800.00,,"188,387.95"
30/05/25,30/05/25,POS 9207XXXX1102 INDIAN OIL BENGALURU,demo:family:272,"1,220.00",,"187,167.95"
30/05/25,30/05/25,UPI/SWIGGYUPI/738507/PAY,demo:family:689,334.37,,"186,833.58"
31/05/25,31/05/25,UPI/AMAZONPAY/870325/PAYMENT,demo:family:604,"4,500.00",,"182,333.58"
01/06/25,01/06/25,NEFT-GLOBEX CONSULTING-5296-SALARY,demo:family:157,,"185,000.00","367,333.58"
01/06/25,01/06/25,UPI/SWIGGY/428410/PAYMENT,demo:family:498,700.00,,"366,633.58"
01/06/25,01/06/25,UPI/ARJUN8289@OKHDFCBANK/864219/PAYMENT,demo:family:652,"1,100.00",,"365,533.58"
02/06/25,02/06/25,IMPS-P2A-255455-VIJAY MEHTA RENT,demo:family:139,"32,000.00",,"333,533.58"
03/06/25,03/06/25,EMI SBI HOME LOAN 298356,demo:family:175,"42,000.00",,"291,533.58"
05/06/25,05/06/25,POS 9207XXXX7788 ZEE5.COM MUMBAI,demo:family:47,199.00,,"291,334.58"
06/06/25,06/06/25,UPI/BHARATPETRO/766511/PAYMENT,demo:family:414,"1,900.00",,"289,434.58"
06/06/25,06/06/25,NEFT-ACTFIBER-5063-RTGS,demo:family:67,"1,456.92",,"287,977.66"
07/06/25,07/06/25,UPI/SWIGGY/729260/PAYMENT,demo:family:514,688.75,,"287,288.91"
08/06/25,08/06/25,NACH-SIP KUVERA-4469-MF,demo:family:211,"15,000.00",,"272,288.91"
08/06/25,08/06/25,ACH-D- NETFLIX ENTERTAINMENT SERVICES,demo:family:5,649.00,,"271,639.91"
11/06/25,11/06/25,POS 9207XXXX7788 CULT.FIT BENGALURU,demo:family:103,"2,499.00",,"269,140.91"
11/06/25,11/06/25,UPI/TATAPOWERDL/268194/PAYMENT,demo:family:247,"4,313.21",,"264,827.70"
12/06/25,12/06/25,POS 9207XXXX1102 AMAZON.IN CHENNAI,demo:family:469,"1,518.64",,"263,309.06"
13/06/25,13/06/25,POS 9207XXXX1102 ZOMATO LTD HYDERABAD,demo:family:645,247.70,,"263,061.36"
14/06/25,14/06/25,POS 9207XXXX1102 AMAZON.IN HYDERABAD,demo:family:592,"2,060.85",,"261,000.51"
14/06/25,14/06/25,POS 9207XXXX1102 INDIAN OIL DELHI,demo:family:720,"1,430.00",,"259,570.51"
16/06/25,16/06/25,NACH-ICICI BANK LOAN-8266,demo:family:193,"18,500.00",,"241,070.51"
16/06/25,16/06/25,POS 9207XXXX7788 AIRTEL.IN GURGAON,demo:family:85,999.00,,"240,071.51"
17/06/25,17/06/25,UPI/PRIYA9356@OKAXIS/252747/PAYMENT,demo:family:544,950.00,,"239,121.51"
18/06/25,18/06/25,IMPS-P2A-203075-ROHIT SHARMA,demo:family:633,550.00,,"238,571.51"
19/06/25,19/06/25,UPI/ARJUN7687@OKHDFCBANK/368301/PAYMENT,demo:family:361,550.00,,"238,021.51"
20/06/25,20/06/25,POS 9207XXXX1102 SWIGGY BUNDL TECH BENGALURU,demo:family:637,700.00,,"237,321.51"
21/06/25,21/06/25,UPI/AMAZONPAY/227869/PAYMENT,demo:family:296,"1,311.54",,"236,009.97"
21/06/25,21/06/25,POS 9207XXXX1102 UBER INDIA SYSTEMS MUMBAI,demo:family:608,195.15,,"235,814.82"
21/06/25,21/06/25,UPI/MEGHA3878@YBL/613495/PAYMENT,demo:family:644,950.00,,"234,864.82"
22/06/25,22/06/25,POS 9207XXXX1102 SWIGGY BUNDL TECH HYDERABAD,demo:family:627,447.76,,"234,417.06"
23/06/25,23/06/25,UPI/PRIYA5009@OKAXIS/245648/PAYMENT,demo:family:286,"1,050.00",,"233,367.06"
24/06/25,24/06/25,AUTOPAY CARD PAYMENT 253974,demo:family:229,"24,938.57",,"208,428.49"
24/06/25,24/06/25,UPI/MEGHA4449@YBL/710650/PAYMENT,demo:family:316,"1,250.00",,"207,178.49"
24/06/25,24/06/25,UPI/UBERINDIA/943549/PAYMENT,demo:family:356,383.80,,"206,794.69"
24/06/25,24/06/25,POS 9207XXXX1102 SWIGGY BUNDL TECH PUNE,demo:family:714,700.00,,"206,094.69"
25/06/25,25/06/25,NEFT-AMAZONSELLER-5435-RTGS,demo:family:579,"1,720.96",,"204,373.73"
25/06/25,25/06/25,UPI/SWIGGYUPI/317398/PAY,demo:family:750,386.63,,"203,987.10"
26/06/25,26/06/25,POS 9207XXXX7788 SONYLIV.COM MUMBAI,demo:family:29,299.00,,"203,688.10"
26/06/25,26/06/25,UPI/PRIYA6704@OKAXIS/215884/PAYMENT,demo:family:649,600.00,,"203,088.10"
27/06/25,27/06/25,UPI/SWIGGY/676493/PAYMENT,demo:family:491,467.45,,"202,620.65"
27/06/25,27/06/25,POS 9207XXXX1102 ZOMATO LTD CHENNAI,demo:family:661,750.00,,"201,870.65"
27/06/25,27/06/25,UPI/ARJUN2046@OKHDFCBANK/522942/PAYMENT,demo:family:769,"2,000.00",,"199,870.65"
28/06/25,28/06/25,UPI/ZOMATO/516819/PAYMENT,demo:family:429,305.38,,"199,565.27"
29/06/25,29/06/25,POS 9207XXXX7788 SWIGGY ONE BENGALURU,demo:family:121,99.00,,"199,466.27"
29/06/25,29/06/25,POS 9207XXXX1102 SWIGGY BUNDL TECH HYDERABAD,demo:family:474,277.31,,"199,188.96"
01/07/25,01/07/25,NEFT-VIJAY MEHTA-6116-RENT,demo:family:140,"32,000.00",,"167,188.96"
01/07/25,01/07/25,SALARY GLOBEX CONSULTING PVT LTD 310554,demo:family:158,,"185,000.00","352,188.96"
01/07/25,01/07/25,POS 9207XXXX1102 UBER INDIA SYSTEMS CHENNAI,demo:family:304,469.45,,"351,719.51"
02/07/25,02/07/25,POS 9207XXXX1102 SWIGGY BUNDL TECH BENGALURU,demo:family:550,317.62,,"351,401.89"
02/07/25,02/07/25,UPI/ZOMATO/662811/PAYMENT,demo:family:555,512.38,,"350,889.51"
02/07/25,02/07/25,UPI/ACTFIBERNET/664298/PAYMENT,demo:family:68,"1,456.92",,"349,432.59"
03/07/25,03/07/25,UPI/ARJUN4144@OKHDFCBANK/185936/PAYMENT,demo:family:391,650.00,,"348,782.59"
03/07/25,03/07/25,ATM CASH 354349 HYDERABAD,demo:family:705,"3,500.00",,"345,282.59"
03/07/25,03/07/25,UPI/SWIGGY/620606/PAYMENT,demo:family:753,436.42,,"344,846.17"
05/07/25,05/07/25,POS 9207XXXX1102 UBER INDIA SYSTEMS HYDERABAD,demo:family:476,236.23,,"344,609.94"
05/07/25,05/07/25,UPI/PRIYA8603@OKAXIS/942037/PAYMENT,demo:family:773,"1,850.00",,"342,759.94"
06/07/25,06/07/25,ACH-D- SBILOAN HOME EMI 118047,demo:family:176,"42,000.00",,"300,759.94"
06/07/25,06/07/25,POS 9207XXXX1102 SWIGGY BUNDL TECH CHENNAI,demo:family:405,355.21,,"300,404.73"
07/07/25,07/07/25,UPI/SWIGGYUPI/753519/PAY,demo:family:707,313.88,,"300,090.85"
07/07/25,07/07/25,UPI/MEGHA4458@YBL/962919/PAYMENT,demo:family:762,750.00,,"299,340.85"
08/07/25,08/07/25,UPI/ARJUN9754@OKHDFCBANK/925273/PAYMENT,demo:family:394,"1,900.00",,"297,440.85"
08/07/25,08/07/25,UPI/ZEE5SUB/727478/PAYMENT,demo:family:48,199.00,,"297,241.85"
09/07/25,09/07/25,ACH-D- KUVERA AXIS BLUECHIP SIP,demo:family:212,"15,000.00",,"282,241.85"
09/07/25,09/07/25,NEFT-NETFLIXENT-9636-RTGS,demo:family:6,649.00,,"281,592.85"
09/07/25,09/07/25,UPI/UBERINDIA/939521/PAYMENT,demo:family:756,379.43,,"281,213.42"
11/07/25,11/07/25,TATA POWER BILL 495112,demo:family:248,"4,769.75",,"276,443.67"
12/07/25,12/07/25,UPI/CULTFIT/818165/PAYMENT,demo:family:104,"2,499.00",,"273,944.67"
12/07/25,12/07/25,UPI/AMAZONPAY/362843/PAYMENT,demo:family:640,"1,812.34",,"272,132.33"
12/07/25,12/07/25,POS 9207XXXX1102 SWIGGY BUNDL TECH HYDERABAD,demo:family:677,440.48,,"271,691.85"
13/07/25,13/07/25,UPI/MEGHA8659@YBL/869206/PAYMENT,demo:family:599,450.00,,"271,241.85"
13/07/25,13/07/25,POS 9207XXXX1102 AMAZON.IN PUNE,demo:family:674,"1,065.54",,"270,176.31"
13/07/25,13/07/25,UPI/SWIGGYUPI/858602/PAY,demo:family:684,320.89,,"269,855.42"
15/07/25,15/07/25,UPI/SWIGGY/286470/PAYMENT,demo:family:775,490.17,,"269,365.25"
16/07/25,16/07/25,ACH-D- ICICILOAN CAR EMI 512507,demo:family:194,"18,500.00",,"250,865.25"
16/07/25,16/07/25,UPI/SWIGGYUPI/131232/PAY,demo:family:369,333.51,,"250,531.74"
17/07/25,17/07/25,POS 9207XXXX7788 HOTSTAR.COM MUMBAI,demo:family:20,299.00,,"250,232.74"
17/07/25,17/07/25,UPI/AIRTELPOSTPAID/223634/PAYMENT,demo:family:86,999.00,,"249,233.74"
18/07/25,18/07/25,POS 9207XXXX1102 UBER INDIA SYSTEMS PUNE,demo:family:271,600.00,,"248,633.74"
21/07/25,21/07/25,UPI/ARJUN2266@OKHDFCBANK/193986/PAYMENT,demo:family:665,600.00,,"248,033.74"
22/07/25,22/07/25,POS 9207XXXX1102 SWIGGY BUNDL TECH HYDERABAD,demo:family:442,442.91,,"247,590.83"
22/07/25,22/07/25,POS 9207XXXX1102 UBER INDIA SYSTEMS MUMBAI,demo:family:641,490.07,,"247,100.76"
23/07/25,23/07/25,IMPS-P2A-929066-ROHIT SHARMA,demo:family:428,800.00,,"246,300.76"
24/07/25,24/07/25,CC PAYMENT AUTOPAY AXIS 9030,demo:family:230,"60,617.91",,"185,682.85"
24/07/25,24/07/25,UPI/SONYLIVSUB/720222/PAYMENT,demo:family:30,299.00,,"185,383.85"
25/07/25,25/07/25,UPI/SWIGGYUPI/318940/PAY,demo:family:375,281.03,,"185,102.82"
26/07/25,26/07/25,UPI/UBERINDIA/277936/PAYMENT,demo:family:670,175.20,,"184,927.62"
28/07/25,28/07/25,UPI/SWIGGYUPI/674591/PAY,demo:family:360,415.65,,"184,511.97"
29/07/25,29/07/25,UPI/SWIGGYONE/342570/PAYMENT,demo:family:122,99.00,,"184,412.97"
29/07/25,29/07/25,UPI/UBERINDIA/857773/PAYMENT,demo:family:338,142.09,,"184,270.88"
29/07/25,29/07/25,POS 9207XXXX1102 INDIAN OIL PUNE,demo:family:619,"1,270.00",,"183,000.88"
29/07/25,29/07/25,UPI/UBERINDIA/810439/PAYMENT,demo:family:771,162.97,,"182,837.91"
30/07/25,30/07/25,UPI/SWIGGY/901517/PAYMENT,demo:family:311,299.83,,"182,538.08"
30/07/25,30/07/25,UPI/ARJUN4341@OKHDFCBANK/663341/PAYMENT,demo:family:368,650.00,,"181,888.08"
30/07/25,30/07/25,POS 9207XXXX1102 UBER INDIA SYSTEMS BENGALURU,demo:family:611,275.55,,"181,612.53"
01/08/25,01/08/25,NEFT-GLOBEX CONSULTING-8503-SALARY,demo:family:159,,"185,000.00","366,612.53"
01/08/25,01/08/25,POS 9207XXXX1102 UBER INDIA SYSTEMS HYDERABAD,demo:family:709,215.95,,"366,396.58"
02/08/25,02/08/25,ATM CASH 662411 GURGAON,demo:family:523,"2,500.00",,"363,896.58"
02/08/25,02/08/25,UPI/ZOMATO/684501/PAYMENT,demo:family:610,386.61,,"363,509.97"
03/08/25,03/08/25,IMPS-P2A-782834-VIJAY MEHTA RENT,demo:family:141,"32,000.00",,"331,509.97"
03/08/25,03/08/25,POS 9207XXXX1102 INDIAN OIL DELHI,demo:family:618,"1,290.00",,"330,219.97"
03/08/25,03/08/25,POS 9207XXXX1102 AMAZON.IN BENGALURU,demo:family:621,"4,331.74",,"325,888.23"
05/08/25,05/08/25,EMI SBI HOME LOAN 294727,demo:family:177,"42,000.00",,"283,888.23"
05/08/25,05/08/25,POS 9207XXXX1102 UBER INDIA SYSTEMS MUMBAI,demo:family:362,192.94,,"283,695.29"
06/08/25,06/08/25,NACH-SIP KUVERA-6015-MF,demo:family:213,"15,000.00",,"268,695.29"
06/08/25,06/08/25,ACH-D- ATRIA CONVERGENCE TECHNOLOGIES,demo:family:69,"1,456.92",,"267,238.37"
07/08/25,07/08/25,ACH-D- ZEE ENTERTAINMENT ENTERPRISES,demo:family:49,199.00,,"267,039.37"
07/08/25,07/08/25,UPI/UBERINDIA/527608/PAYMENT,demo:family:563,508.64,,"266,530.73"
07/08/25,07/08/25,UPI/MEGHA9556@YBL/376195/PAYMENT,demo:family:655,"1,050.00",,"265,480.73"
07/08/25,07/08/25,POS 9207XXXX7788 NETFLIX.COM MUMBAI,demo:family:7,649.00,,"264,831.73"
08/08/25,08/08/25,POS 9207XXXX1102 UBER INDIA SYSTEMS GURGAON,demo:family:347,416.55,,"264,415.18"
08/08/25,08/08/25,UPI/SWIGGY/707304/PAYMENT,demo:family:547,700.00,,"263,715.18"
09/08/25,09/08/25,UPI/UBERINDIA/167022/PAYMENT,demo:family:475,174.39,,"263,540.79"
09/08/25,09/08/25,UPI/SWIGGY/404237/PAYMENT,demo:family:551,208.11,,"263,332.68"
10/08/25,10/08/25,ATM CASH 274459 CHENNAI,demo:family:601,"3,500.00",,"259,832.68"
11/08/25,11/08/25,POS 9207XXXX1102 SWIGGY BUNDL TECH PUNE,demo:family:473,259.76,,"259,572.92"
11/08/25,11/08/25,UPI/MEGHA8116@YBL/615911/PAYMENT,demo:family:701,750.00,,"258,822.92"
11/08/25,11/08/25,UPI/SWIGGY/178257/PAYMENT,demo:family:735,186.86,,"258,636.06"
12/08/25,12/08/25,ACH-D- CUREFIT HEALTHCARE PVT LTD,demo:family:105,"2,499.00",,"256,137.06"
13/08/25,13/08/25,UPI/UBERINDIA/401079/PAYMENT,demo:family:545,192.62,,"255,944.44"
14/08/25,14/08/25,ATM CASH 171570 CHENNAI,demo:family:314,"7,500.00",,"248,444.44"
15/08/25,15/08/25,UPI/TATAPOWERDL/368885/PAYMENT,demo:family:249,"2,592.14",,"245,852.30"
15/08/25,15/08/25,POS 9207XXXX1102 ZOMATO LTD BENGALURU,demo:family:746,332.16,,"245,520.14"
16/08/25,16/08/25,NACH-ICICI BANK LOAN-6506,demo:family:195,"18,500.00",,"227,020.14"
16/08/25,16/08/25,UPI/ZOMATO/916841/PAYMENT,demo:family:536,307.01,,"226,713.13"
16/08/25,16/08/25,POS 9207XXXX1102 ZOMATO LTD DELHI,demo:family:656,555.85,,"226,157.28"
17/08/25,17/08/25,UPI/UBERINDIA/323554/PAYMENT,demo:family:397,204.90,,"225,952.38"
17/08/25,17/08/25,ACH-D- BHARTI AIRTEL LIMITED,demo:family:87,999.00,,"224,953.38"
18/08/25,18/08/25,UPI/BHARATPETRO/593884/PAYMENT,demo:family:276,"2,710.00",,"222,243.38"
18/08/25,18/08/25,POS 9207XXXX1102 HP PETRO PUMP DELHI,demo:family:315,"1,720.00",,"220,523.38"
18/08/25,18/08/25,POS 9207XXXX1102 UBER INDIA SYSTEMS CHENNAI,demo:family:580,505.92,,"220,017.46"
20/08/25,20/08/25,POS 9207XXXX1102 HP PETRO PUMP CHENNAI,demo:family:280,"1,240.00",,"218,777.46"
20/08/25,20/08/25,ATM CASH 755543 PUNE,demo:family:340,"10,000.00",,"208,777.46"
22/08/25,22/08/25,AUTOPAY CARD PAYMENT 290823,demo:family:231,"62,935.55",,"145,841.91"
22/08/25,22/08/25,UPI/ARJUN2028@OKHDFCBANK/781418/PAYMENT,demo:family:624,600.00,,"145,241.91"
23/08/25,23/08/25,UPI/AMAZONPAY/680678/PAYMENT,demo:family:430,"4,500.00",,"140,741.91"
25/08/25,25/08/25,UPI/SWIGGY/304940/PAYMENT,demo:family:301,336.99,,"140,404.92"
25/08/25,25/08/25,ACH-D- SONY PICTURES NETWORKS INDIA,demo:family:31,299.00,,"140,105.92"
26/08/25,26/08/25,UPI/ZOMATO/922346/PAYMENT,demo:family:419,402.70,,"139,703.22"
29/08/25,29/08/25,ACH-D- BUNDL TECHNOLOGIES PVT LTD,demo:family:123,99.00,,"139,604.22"
29/08/25,29/08/25,POS 9207XXXX1102 ZOMATO LTD PUNE,demo:family:285,256.12,,"139,348.10"
30/08/25,30/08/25,ATM CASH 516485 PUNE,demo:family:530,"10,000.00",,"129,348.10"
30/08/25,30/08/25,POS 9207XXXX1102 SWIGGY BUNDL TECH DELHI,demo:family:761,203.00,,"129,145.10"
31/08/25,31/08/25,UPI/SWIGGY/689903/PAYMENT,demo:family:531,274.05,,"128,871.05"
31/08/25,31/08/25,POS 9207XXXX1102 SWIGGY BUNDL TECH PUNE,demo:family:573,540.44,,"128,330.61"
31/08/25,31/08/25,NEFT-AMAZONSELLER-4598-RTGS,demo:family:693,811.17,,"127,519.44"
01/09/25,01/09/25,SALARY GLOBEX CONSULTING PVT LTD 940316,demo:family:160,,"185,000.00","312,519.44"
01/09/25,01/09/25,UPI/MEGHA4913@YBL/158567/PAYMENT,demo:family:471,600.00,,"311,919.44"
01/09/25,01/09/25,POS 9207XXXX1102 INDIAN OIL HYDERABAD,demo:family:668,"1,930.00",,"309,989.44"
02/09/25,02/09/25,NEFT-VIJAY MEHTA-9288-RENT,demo:family:142,"32,000.00",,"277,989.44"
02/09/25,02/09/25,UPI/ZOMATO/167014/PAYMENT,demo:family:435,425.45,,"277,563.99"
02/09/25,02/09/25,UPI/ARJUN8704@OKHDFCBANK/112656/PAYMENT,demo:family:512,800.00,,"276,763.99"
03/09/25,03/09/25,UPI/MEGHA7302@YBL/608309/PAYMENT,demo:family:617,"1,150.00",,"275,613.99"
05/09/25,05/09/25,POS 9207XXXX1102 SWIGGY BUNDL TECH HYDERABAD,demo:family:263,230.97,,"275,383.02"
05/09/25,05/09/25,POS 9207XXXX1102 UBER INDIA SYSTEMS HYDERABAD,demo:family:275,340.62,,"275,042.40"
05/09/25,05/09/25,UPI/PRIYA3406@OKAXIS/421052/PAYMENT,demo:family:305,400.00,,"274,642.40"
05/09/25,05/09/25,NEFT-ACTFIBER-5488-RTGS,demo:family:70,"1,456.92",,"273,185.48"
06/09/25,06/09/25,ACH-D- SBILOAN HOME EMI 455143,demo:family:178,"42,000.00",,"231,185.48"
07/09/25,07/09/25,ACH-D- KUVERA AXIS BLUECHIP SIP,demo:family:214,"15,000.00",,"216,185.48"
07/09/25,07/09/25,POS 9207XXXX1102 UBER INDIA SYSTEMS DELHI,demo:family:388,216.95,,"215,968.53"
07/09/25,07/09/25,POS 9207XXXX7788 ZEE5.COM MUMBAI,demo:family:50,199.00,,"215,769.53"
08/09/25,08/09/25,UPI/NETFLIX BILLDESK/859275/PAYMENT,demo:family:8,649.00,,"215,120.53"
09/09/25,09/09/25,UPI/SWIGGYUPI/434265/PAY,demo:family:427,578.76,,"214,541.77"
10/09/25,10/09/25,POS 9207XXXX7788 CULT.FIT BENGALURU,demo:family:106,"2,499.00",,"212,042.77"
10/09/25,10/09/25,UPI/SWIGGY/820307/PAYMENT,demo:family:325,409.51,,"211,633.26"
12/09/25,12/09/25,UPI/ARJUN3376@OKHDFCBANK/113054/PAYMENT,demo:family:507,450.00,,"211,183.26"
13/09/25,13/09/25,TATA POWER BILL 399013,demo:family:250,"4,449.56",,"206,733.70"
13/09/25,13/09/25,UPI/MEGHA8836@YBL/342574/PAYMENT,demo:family:443,800.00,,"205,933.70"
14/09/25,14/09/25,UPI/SWIGGY/592184/PAYMENT,demo:family:716,253.86,,"205,679.84"
15/09/25,15/09/25,ACH-D- ICICILOAN CAR EMI 206601,demo:family:196,"18,500.00",,"187,179.84"
15/09/25,15/09/25,UPI/SWIGGYUPI/730555/PAY,demo:family:323,370.73,,"186,809.11"
15/09/25,15/09/25,UPI/PRIYA6746@OKAXIS/556271/PAYMENT,demo:family:437,650.00,,"186,159.11"
16/09/25,16/09/25,POS 9207XXXX1102 UBER INDIA SYSTEMS DELHI,demo:family:777,165.67,,"185,993.44"
18/09/25,18/09/25,UPI/SWIGGYUPI/944223/PAY,demo:family:422,379.86,,"185,613.58"
18/09/25,18/09/25,UPI/SWIGGYUPI/763306/PAY,demo:family:459,280.54,,"185,333.04"
18/09/25,18/09/25,POS 9207XXXX1102 SWIGGY BUNDL TECH BENGALURU,demo:family:634,700.00,,"184,633.04"
18/09/25,18/09/25,POS 9207XXXX7788 AIRTEL.IN GURGAON,demo:family:88,999.00,,"183,634.04"
22/09/25,22/09/25,POS 9207XXXX1102 UBER INDIA SYSTEMS GURGAON,demo:family:376,225.02,,"183,409.02"
22/09/25,22/09/25,POS 9207XXXX1102 IRCTC NEW DELHI,demo:family:379,554.62,,"182,854.40"
22/09/25,22/09/25,POS 9207XXXX1102 UBER INDIA SYSTEMS HYDERABAD,demo:family:546,600.00,,"182,254.40"
22/09/25,22/09/25,IMPS-P2A-989057-ROHIT SHARMA,demo:family:794,550.00,,"181,704.40"
24/09/25,24/09/25,CC PAYMENT AUTOPAY AXIS 3527,demo:family:232,"66,223.11",,"115,481.29"
24/09/25,24/09/25,POS 9207XXXX7788 SONYLIV.COM MUMBAI,demo:family:32,299.00,,"115,182.29"
24/09/25,24/09/25,UPI/SWIGGY/558775/PAYMENT,demo:family:513,584.40,,"114,597.89"
26/09/25,26/09/25,POS 9207XXXX7788 SWIGGY ONE BENGALURU,demo:family:124,99.00,,"114,498.89"
26/09/25,26/09/25,POS 9207XXXX1102 SWIGGY BUNDL TECH BENGALURU,demo:family:461,501.68,,"113,997.21"
27/09/25,27/09/25,POS 9207XXXX1102 UBER INDIA SYSTEMS DELHI,demo:family:444,261.74,,"113,735.47"
30/09/25,30/09/25,POS 9207XXXX1102 UBER INDIA SYSTEMS HYDERABAD,demo:family:558,279.74,,"113,455.73"
02/10/25,02/10/25,IMPS-P2A-742624-VIJAY MEHTA RENT,demo:family:143,"32,000.00",,"81,455.73"
02/10/25,02/10/25,UPI/ACTFIBERNET/409500/PAYMENT,demo:family:71,"1,573.47",,"79,882.26"
03/10/25,03/10/25,NEFT-GLOBEX CONSULTING-9672-SALARY,demo:family:161,,"185,000.00","264,882.26"
03/10/25,03/10/25,EMI SBI HOME LOAN 257257,demo:family:179,"42,000.00",,"222,882.26"
03/10/25,03/10/25,UPI/SWIGGY/438450/PAYMENT,demo:family:783,251.70,,"222,630.56"
04/10/25,04/10/25,UPI/ZEE5SUB/584419/PAYMENT,demo:family:51,199.00,,"222,431.56"
05/10/25,05/10/25,POS 9207XXXX1102 SWIGGY BUNDL TECH PUNE,demo:family:339,390.58,,"222,040.98"
05/10/25,05/10/25,POS 9207XXXX1102 UBER INDIA SYSTEMS BENGALURU,demo:family:383,187.21,,"221,853.77"
06/10/25,06/10/25,NACH-SIP KUVERA-4320-MF,demo:family:215,"15,000.00",,"206,853.77"
07/10/25,07/10/25,UPI/MEGHA7366@YBL/365300/PAYMENT,demo:family:557,"1,050.00",,"205,803.77"
09/10/25,09/10/25,UPI/CULTFIT/934000/PAYMENT,demo:family:107,"2,499.00",,"203,304.77"
09/10/25,09/10/25,UPI/AMAZONPAY/432023/PAYMENT,demo:family:532,"3,208.40",,"200,096.37"
09/10/25,09/10/25,UPI/BHARATPETRO/185932/PAYMENT,demo:family:724,"1,610.00",,"198,486.37"
09/10/25,09/10/25,ACH-D- NETFLIX ENTERTAINMENT SERVICES,demo:family:9,799.00,,"197,687.37"
11/10/25,11/10/25,UPI/UBERINDIA/388675/PAYMENT,demo:family:620,413.30,,"197,274.07"
13/10/25,13/10/25,POS 9207XXXX1102 ZOMATO LTD BENGALURU,demo:family:612,389.85,,"196,884.22"
13/10/25,13/10/25,POS 9207XXXX1102 SWIGGY BUNDL TECH CHENNAI,demo:family:790,205.99,,"196,678.23"
15/10/25,15/10/25,UPI/TATAPOWERDL/639816/PAYMENT,demo:family:251,"5,218.51",,"191,459.72"
16/10/25,16/10/25,NACH-ICICI BANK LOAN-3045,demo:family:197,"18,500.00",,"172,959.72"
16/10/25,16/10/25,UPI/HOTSTARSUB/859433/PAYMENT,demo:family:21,299.00,,"172,660.72"
16/10/25,16/10/25,UPI/UBERINDIA/721686/PAYMENT,demo:family:318,268.90,,"172,391.82"
18/10/25,18/10/25,UPI/SWIGGYUPI/261563/PAY,demo:family:392,249.75,,"172,142.07"
18/10/25,18/10/25,UPI/AIRTELPOSTPAID/384013/PAYMENT,demo:family:89,999.00,,"171,143.07"
19/10/25,19/10/25,UPI/ARJUN7472@OKHDFCBANK/882543/PAYMENT,demo:family:721,"2,000.00",,"169,143.07"
20/10/25,20/10/25,POS 9207XXXX1102 IRCTC NEW DELHI,demo:family:335,972.26,,"168,170.81"
21/10/25,21/10/25,POS 9207XXXX1102 ZOMATO LTD PUNE,demo:family:628,580.46,,"167,590.35"
22/10/25,22/10/25,ATM CASH 684162 BENGALURU,demo:family:312,"5,500.00",,"162,090.35"
22/10/25,22/10/25,POS 9207XXXX1102 UBER INDIA SYSTEMS PUNE,demo:family:438,600.00,,"161,490.35"
22/10/25,22/10/25,UPI/PRIYA5877@OKAXIS/341462/PAYMENT,demo:family:457,550.00,,"160,940.35"
23/10/25,23/10/25,AUTOPAY CARD PAYMENT 881536,demo:family:233,"45,534.66",,"115,405.69"
24/10/25,24/10/25,UPI/SONYLIVSUB/222859/PAYMENT,demo:family:33,299.00,,"115,106.69"
24/10/25,24/10/25,UPI/SWIGGYUPI/529088/PAY,demo:family:488,362.64,,"114,744.05"
25/10/25,25/10/25,UPI/AMAZONPAY/180231/PAYMENT,demo:family:662,"3,615.88",,"111,128.17"
26/10/25,26/10/25,UPI/SWIGGYONE/734683/PAYMENT,demo:family:125,99.00,,"111,029.17"
26/10/25,26/10/25,UPI/SWIGGYUPI/433391/PAY,demo:family:745,283.47,,"110,745.70"
29/10/25,29/10/25,UPI/SWIGGYUPI/243644/PAY,demo:family:348,555.90,,"110,189.80"
31/10/25,31/10/25,SALARY GLOBEX CONSULTING PVT LTD 364811,demo:family:162,,"185,000.00","295,189.80"
02/11/25,02/11/25,NEFT-VIJAY MEHTA-2556-RENT,demo:family:144,"32,000.00",,"263,189.80"
02/11/25,02/11/25,UPI/SWIGGY/834051/PAYMENT,demo:family:440,655.91,,"262,533.89"
02/11/25,02/11/25,ACH-D- ATRIA CONVERGENCE TECHNOLOGIES,demo:family:72,"1,573.47",,"260,960.42"
02/11/25,02/11/25,ATM CASH 815092 PUNE,demo:family:757,"2,000.00",,"258,960.42"
03/11/25,03/11/25,UPI/SWIGGYUPI/133420/PAY,demo:family:439,316.23,,"258,644.19"
04/11/25,04/11/25,ACH-D- ZEE ENTERTAINMENT ENTERPRISES,demo:family:52,199.00,,"258,445.19"
05/11/25,05/11/25,ACH-D- SBILOAN HOME EMI 454592,demo:family:180,"42,000.00",,"216,445.19"
05/11/25,05/11/25,UPI/SWIGGYUPI/547598/PAY,demo:family:683,336.72,,"216,108.47"
07/11/25,07/11/25,NEFT-NETFLIXENT-2464-RTGS,demo:family:10,799.00,,"215,309.47"
07/11/25,07/11/25,UPI/SWIGGY/591476/PAYMENT,demo:family:310,354.39,,"214,955.08"
07/11/25,07/11/25,UPI/UBERINDIA/680153/PAYMENT,demo:family:401,192.59,,"214,762.49"
08/11/25,08/11/25,UPI/SWIGGY/138763/PAYMENT,demo:family:776,245.28,,"214,517.21"
09/11/25,09/11/25,POS 9207XXXX1102 AMAZON.IN DELHI,demo:family:635,"4,500.00",,"210,017.21"
09/11/25,09/11/25,UPI/PRIYA4614@OKAXIS/354098/PAYMENT,demo:family:681,450.00,,"209,567.21"
09/11/25,09/11/25,ATM CASH 121421 GURGAON,demo:family:694,"2,500.00",,"207,067.21"
10/11/25,10/11/25,ACH-D- KUVERA AXIS BLUECHIP SIP,demo:family:216,"15,000.00",,"192,067.21"
10/11/25,10/11/25,POS 9207XXXX1102 UBER INDIA SYSTEMS MUMBAI,demo:family:417,157.39,,"191,909.82"
10/11/25,10/11/25,UPI/PRIYA2338@OKAXIS/345636/PAYMENT,demo:family:492,550.00,,"191,359.82"
11/11/25,11/11/25,ACH-D- CUREFIT HEALTHCARE PVT LTD,demo:family:108,"2,499.00",,"188,860.82"
11/11/25,11/11/25,ATM WDL HYDERABAD 398322,demo:family:751,"4,500.00",,"184,360.82"
13/11/25,13/11/25,TATA POWER BILL 828591,demo:family:252,"4,841.86",,"179,518.96"
15/11/25,15/11/25,UPI/MEGHA5509@YBL/587079/PAYMENT,demo:family:352,700.00,,"178,818.96"
15/11/25,15/11/25,POS 9207XXXX1102 SWIGGY BUNDL TECH DELHI,demo:family:784,626.65,,"178,192.31"
15/11/25,15/11/25,POS 9207XXXX1102 UBER INDIA SYSTEMS HYDERABAD,demo:family:789,199.22,,"177,993.09"
16/11/25,16/11/25,ACH-D- ICICILOAN CAR EMI 431795,demo:family:198,"18,500.00",,"159,493.09"
16/11/25,16/11/25,UPI/SWIGGYUPI/229706/PAY,demo:family:733,493.81,,"158,999.28"
18/11/25,18/11/25,POS 9207XXXX1102 UBER INDIA SYSTEMS DELHI,demo:family:294,183.52,,"158,815.76"
19/11/25,19/11/25,ATM WDL PUNE 734494,demo:family:341,"10,000.00",,"148,815.76"
19/11/25,19/11/25,UPI/AMAZONPAY/707097/PAYMENT,demo:family:708,823.47,,"147,992.29"
19/11/25,19/11/25,ACH-D- BHARTI AIRTEL LIMITED,demo:family:90,999.00,,"146,993.29"
20/11/25,20/11/25,POS 9207XXXX1102 SWIGGY BUNDL TECH MUMBAI,demo:family:553,569.45,,"146,423.84"
21/11/25,21/11/25,UPI/SWIGGY/823035/PAYMENT,demo:family:266,288.74,,"146,135.10"
21/11/25,21/11/25,POS 9207XXXX1102 ZOMATO LTD PUNE,demo:family:400,341.23,,"145,793.87"
21/11/25,21/11/25,UPI/SWIGGYUPI/504652/PAY,demo:family:448,286.15,,"145,507.72"
21/11/25,21/11/25,UPI/UBERINDIA/974069/PAYMENT,demo:family:704,600.00,,"144,907.72"
22/11/25,22/11/25,CC PAYMENT AUTOPAY AXIS 5058,demo:family:234,"45,652.37",,"99,255.35"
23/11/25,23/11/25,UPI/IRCTCUPI/983034/PAYMENT,demo:family:629,908.96,,"98,346.39"
25/11/25,25/11/25,UPI/MEGHA4262@YBL/134377/PAYMENT,demo:family:605,"2,000.00",,"96,346.39"
26/11/25,26/11/25,POS 9207XXXX1102 HP PETRO PUMP CHENNAI,demo:family:274,940.00,,"95,406.39"
26/11/25,26/11/25,ACH-D- SONY PICTURES NETWORKS INDIA,demo:family:34,299.00,,"95,107.39"
26/11/25,26/11/25,UPI/PRIYA2186@OKAXIS/224994/PAYMENT,demo:family:578,400.00,,"94,707.39"
27/11/25,27/11/25,POS 9207XXXX1102 INDIAN OIL GURGAON,demo:family:622,"1,110.00",,"93,597.39"
28/11/25,28/11/25,UPI/SWIGGYUPI/456586/PAY,demo:family:344,387.58,,"93,209.81"
28/11/25,28/11/25,POS 9207XXXX1102 AMAZON.IN MUMBAI,demo:family:727,788.09,,"92,421.72"
29/11/25,29/11/25,UPI/SWIGGY/463193/PAYMENT,demo:family:297,467.85,,"91,953.87"
29/11/25,29/11/25,UPI/SWIGGYUPI/746604/PAY,demo:family:702,294.53,,"91,659.34"
30/11/25,30/11/25,ACH-D- BUNDL TECHNOLOGIES PVT LTD,demo:family:126,99.00,,"91,560.34"
30/11/25,30/11/25,POS 9207XXXX1102 UBER INDIA SYSTEMS DELHI,demo:family:424,390.54,,"91,169.80"
02/12/25,02/12/25,IMPS-P2A-254937-VIJAY MEHTA RENT,demo:family:145,"32,000.00",,"59,169.80"
02/12/25,02/12/25,NEFT-ACTFIBER-7444-RTGS,demo:family:73,"1,573.47",,"57,596.33"
02/12/25,02/12/25,POS 9207XXXX1102 UBER INDIA SYSTEMS DELHI,demo:family:797,282.98,,"57,313.35"
03/12/25,03/12/25,NEFT-GLOBEX CONSULTING-6920-SALARY,demo:family:163,,"185,000.00","242,313.35"
03/12/25,03/12/25,UPI/ARJUN8609@OKHDFCBANK/258043/PAYMENT,demo:family:581,500.00,,"241,813.35"
05/12/25,05/12/25,EMI SBI HOME LOAN 566067,demo:family:181,"42,000.00",,"199,813.35"
05/12/25,05/12/25,IMPS-P2A-950214-ROHIT SHARMA,demo:family:680,"1,150.00",,"198,663.35"
06/12/25,06/12/25,POS 9207XXXX7788 ZEE5.COM MUMBAI,demo:family:53,199.00,,"198,464.35"
06/12/25,06/12/25,UPI/ZOMATO/448914/PAYMENT,demo:family:582,476.16,,"197,988.19"
08/12/25,08/12/25,NACH-SIP KUVERA-1597-MF,demo:family:217,"15,000.00",,"182,988.19"
08/12/25,08/12/25,POS 9207XXXX1102 SWIGGY BUNDL TECH DELHI,demo:family:327,220.20,,"182,767.99"
09/12/25,09/12/25,POS 9207XXXX7788 NETFLIX.COM MUMBAI,demo:family:11,799.00,,"181,968.99"
09/12/25,09/12/25,ATM CASH 345970 CHENNAI,demo:family:423,"1,000.00",,"180,968.99"
10/12/25,10/12/25,IMPS-P2A-957774-ROHIT SHARMA,demo:family:569,800.00,,"180,168.99"
13/12/25,13/12/25,POS 9207XXXX7788 CULT.FIT BENGALURU,demo:family:109,"2,499.00",,"177,669.99"
13/12/25,13/12/25,UPI/TATAPOWERDL/893065/PAYMENT,demo:family:253,"2,719.26",,"174,950.73"
13/12/25,13/12/25,POS 9207XXXX1102 HP PETRO PUMP CHENNAI,demo:family:321,"1,600.00",,"173,350.73"
13/12/25,13/12/25,POS 9207XXXX1102 IRCTC NEW DELHI,demo:family:472,"2,500.00",,"170,850.73"
13/12/25,13/12/25,POS 9207XXXX1102 UBER INDIA SYSTEMS CHENNAI,demo:family:560,217.50,,"170,633.23"
13/12/25,13/12/25,UPI/SWIGGYUPI/402223/PAY,demo:family:591,623.65,,"170,009.58"
15/12/25,15/12/25,NEFT-AMAZONSELLER-3018-RTGS,demo:family:739,"1,338.45",,"168,671.13"
16/12/25,16/12/25,NACH-ICICI BANK LOAN-1904,demo:family:199,"18,500.00",,"150,171.13"
17/12/25,17/12/25,UPI/IRCTCUPI/407187/PAYMENT,demo:family:486,"1,408.62",,"148,762.51"
17/12/25,17/12/25,POS 9207XXXX7788 AIRTEL.IN GURGAON,demo:family:91,999.00,,"147,763.51"
19/12/25,19/12/25,UPI/AMAZONPAY/485942/PAYMENT,demo:family:328,"2,005.24",,"145,758.27"
20/12/25,20/12/25,POS 9207XXXX1102 IRCTC NEW DELHI,demo:family:533,"1,093.04",,"144,665.23"
21/12/25,21/12/25,POS 9207XXXX1102 ZOMATO LTD MUMBAI,demo:family:502,750.00,,"143,915.23"
21/12/25,21/12/25,POS 9207XXXX1102 AMAZON.IN PUNE,demo:family:588,"2,968.58",,"140,946.65"
22/12/25,22/12/25,AUTOPAY CARD PAYMENT 104934,demo:family:235,"27,777.57",,"113,169.08"
22/12/25,22/12/25,POS 9207XXXX1102 IRCTC NEW DELHI,demo:family:594,531.12,,"112,637.96"
22/12/25,22/12/25,UPI/SWIGGYUPI/941746/PAY,demo:family:788,598.44,,"112,039.52"
24/12/25,24/12/25,POS 9207XXXX7788 SONYLIV.COM MUMBAI,demo:family:35,299.00,,"111,740.52"
25/12/25,25/12/25,UPI/PRIYA8881@OKAXIS/646032/PAYMENT,demo:family:346,"1,450.00",,"110,290.52"
25/12/25,25/12/25,ATM WDL GURGAON 344185,demo:family:715,"4,500.00",,"105,790.52"
27/12/25,27/12/25,UPI/ZOMATO/977639/PAYMENT,demo:family:260,389.68,,"105,400.84"
28/12/25,28/12/25,POS 9207XXXX7788 SWIGGY ONE BENGALURU,demo:family:127,99.00,,"105,301.84"
28/12/25,28/12/25,UPI/BHARATPETRO/806257/PAYMENT,demo:family:623,820.00,,"104,481.84"
30/12/25,30/12/25,POS 9207XXXX1102 AMAZON.IN HYDERABAD,demo:family:366,"1,034.39",,"103,447.45"
31/12/25,31/12/25,UPI/SWIGGYUPI/877712/PAY,demo:family:729,250.30,,"103,197.15"
02/01/26,02/01/26,NEFT-VIJAY MEHTA-8473-RENT,demo:family:146,"32,000.00",,"71,197.15"
02/01/26,02/01/26,SALARY GLOBEX CONSULTING PVT LTD 949781,demo:family:164,,"185,000.00","256,197.15"
02/01/26,02/01/26,UPI/UBERINDIA/614545/PAYMENT,demo:family:609,369.18,,"255,827.97"
03/01/26,03/01/26,UPI/ACTFIBERNET/916001/PAYMENT,demo:family:74,"1,573.47",,"254,254.50"
05/01/26,05/01/26,ACH-D- SBILOAN HOME EMI 620535,demo:family:182,"42,000.00",,"212,254.50"
06/01/26,06/01/26,UPI/AMAZONPAY/970849/PAYMENT,demo:family:317,"1,282.33",,"210,972.17"
06/01/26,06/01/26,UPI/ZEE5SUB/551478/PAYMENT,demo:family:54,199.00,,"210,773.17"
06/01/26,06/01/26,POS 9207XXXX1102 UBER INDIA SYSTEMS GURGAON,demo:family:673,155.46,,"210,617.71"
07/01/26,07/01/26,UPI/SWIGGYUPI/914125/PAY,demo:family:542,291.73,,"210,325.98"
08/01/26,08/01/26,UPI/NETFLIX BILLDESK/915029/PAYMENT,demo:family:12,799.00,,"209,526.98"
08/01/26,08/01/26,ACH-D- KUVERA AXIS BLUECHIP SIP,demo:family:218,"15,000.00",,"194,526.98"
08/01/26,08/01/26,UPI/PRIYA7569@OKAXIS/902109/PAYMENT,demo:family:364,"2,000.00",,"192,526.98"
09/01/26,09/01/26,IMPS-P2A-835556-ROHIT SHARMA,demo:family:412,450.00,,"192,076.98"
11/01/26,11/01/26,UPI/CULTFIT/803820/PAYMENT,demo:family:110,"2,799.00",,"189,277.98"
11/01/26,11/01/26,UPI/ARJUN1361@OKHDFCBANK/508501/PAYMENT,demo:family:574,"2,000.00",,"187,277.98"
11/01/26,11/01/26,UPI/ARJUN8256@OKHDFCBANK/149196/PAYMENT,demo:family:593,300.00,,"186,977.98"
11/01/26,11/01/26,UPI/SWIGGY/258335/PAYMENT,demo:family:687,274.31,,"186,703.67"
12/01/26,12/01/26,UPI/BHARATPETRO/148147/PAYMENT,demo:family:350,"1,810.00",,"184,893.67"
12/01/26,12/01/26,UPI/ARJUN5443@OKHDFCBANK/759923/PAYMENT,demo:family:638,500.00,,"184,393.67"
12/01/26,12/01/26,UPI/UBERINDIA/989315/PAYMENT,demo:family:740,259.64,,"184,134.03"
13/01/26,13/01/26,TATA POWER BILL 556970,demo:family:254,"3,462.44",,"180,671.59"
13/01/26,13/01/26,POS 9207XXXX1102 AMAZON.IN BENGALURU,demo:family:332,704.51,,"179,967.08"
13/01/26,13/01/26,UPI/UBERINDIA/818800/PAYMENT,demo:family:363,485.51,,"179,481.57"
15/01/26,15/01/26,ACH-D- AMAZON PRIME INDIA,demo:family:61,"1,499.00",,"177,982.57"
15/01/26,15/01/26,UPI/UBERINDIA/897698/PAYMENT,demo:family:795,172.26,,"177,810.31"
16/01/26,16/01/26,ACH-D- ICICILOAN CAR EMI 292249,demo:family:200,"18,500.00",,"159,310.31"
16/01/26,16/01/26,ACH-D- JIOHOTSTAR DIGITAL,demo:family:22,299.00,,"159,011.31"
16/01/26,16/01/26,POS 9207XXXX1102 ZOMATO LTD BENGALURU,demo:family:265,575.77,,"158,435.54"
16/01/26,16/01/26,UPI/UBERINDIA/114166/PAYMENT,demo:family:269,267.31,,"158,168.23"
16/01/26,16/01/26,UPI/ARJUN2013@OKHDFCBANK/582502/PAYMENT,demo:family:282,"2,000.00",,"156,168.23"
16/01/26,16/01/26,UPI/SWIGGY/506621/PAYMENT,demo:family:371,700.00,,"155,468.23"
16/01/26,16/01/26,UPI/IRCTCUPI/398165/PAYMENT,demo:family:522,"1,766.45",,"153,701.78"
16/01/26,16/01/26,UPI/SWIGGY/614729/PAYMENT,demo:family:717,700.00,,"153,001.78"
16/01/26,16/01/26,UPI/AIRTELPOSTPAID/575931/PAYMENT,demo:family:92,999.00,,"152,002.78"
17/01/26,17/01/26,POS 9207XXXX1102 IRCTC NEW DELHI,demo:family:446,722.49,,"151,280.29"
17/01/26,17/01/26,UPI/UBERINDIA/310629/PAYMENT,demo:family:518,273.40,,"151,006.89"
18/01/26,18/01/26,POS 9207XXXX1102 SWIGGY BUNDL TECH HYDERABAD,demo:family:722,360.75,,"150,646.14"
19/01/26,19/01/26,UPI/ARJUN4173@OKHDFCBANK/778190/PAYMENT,demo:family:402,"2,000.00",,"148,646.14"
19/01/26,19/01/26,UPI/MEGHA2855@YBL/940220/PAYMENT,demo:family:765,350.00,,"148,296.14"
20/01/26,20/01/26,UPI/SWIGGYUPI/672706/PAY,demo:family:585,165.22,,"148,130.92"
22/01/26,22/01/26,CC PAYMENT AUTOPAY AXIS 9585,demo:family:236,"64,567.57",,"83,563.35"
22/01/26,22/01/26,UPI/SONYLIVSUB/772942/PAYMENT,demo:family:36,299.00,,"83,264.35"
25/01/26,25/01/26,UPI/SWIGGYUPI/309091/PAY,demo:family:792,242.04,,"83,022.31"
26/01/26,26/01/26,ATM WDL DELHI 553026,demo:family:385,"3,000.00",,"80,022.31"
27/01/26,27/01/26,UPI/SWIGGYONE/255544/PAYMENT,demo:family:128,99.00,,"79,923.31"
27/01/26,27/01/26,UPI/UBERINDIA/518558/PAYMENT,demo:family:643,267.31,,"79,656.00"
28/01/26,28/01/26,UPI/ZOMATO/190737/PAYMENT,demo:family:342,736.16,,"78,919.84"
28/01/26,28/01/26,UPI/SWIGGY/403303/PAYMENT,demo:family:583,700.00,,"78,219.84"
29/01/26,29/01/26,POS 9207XXXX1102 UBER INDIA SYSTEMS CHENNAI,demo:family:589,574.72,,"77,645.12"
29/01/26,29/01/26,IMPS-P2A-141181-ROHIT SHARMA,demo:family:651,"2,000.00",,"75,645.12"
29/01/26,29/01/26,UPI/PRIYA5093@OKAXIS/104765/PAYMENT,demo:family:690,350.00,,"75,295.12"
30/01/26,30/01/26,UPI/SWIGGY/861015/PAYMENT,demo:family:331,260.85,,"75,034.27"
01/02/26,01/02/26,NEFT-GLOBEX CONSULTING-2468-SALARY,demo:family:165,,"185,000.00","260,034.27"
01/02/26,01/02/26,POS 9207XXXX1102 INDIAN OIL MUMBAI,demo:family:482,"2,610.00",,"257,424.27"
01/02/26,01/02/26,UPI/ZOMATO/968142/PAYMENT,demo:family:535,228.94,,"257,195.33"
01/02/26,01/02/26,POS 9207XXXX1102 ZOMATO LTD GURGAON,demo:family:710,312.91,,"256,882.42"
02/02/26,02/02/26,IMPS-P2A-216055-ROHIT SHARMA,demo:family:279,"2,000.00",,"254,882.42"
02/02/26,02/02/26,UPI/MEGHA8388@YBL/895708/PAYMENT,demo:family:378,400.00,,"254,482.42"
02/02/26,02/02/26,UPI/UBERINDIA/313650/PAYMENT,demo:family:764,435.61,,"254,046.81"
03/02/26,03/02/26,NEFT-AMAZONSELLER-3846-RTGS,demo:family:768,678.25,,"253,368.56"
04/02/26,04/02/26,IMPS-P2A-445786-VIJAY MEHTA RENT,demo:family:147,"32,000.00",,"221,368.56"
04/02/26,04/02/26,ACH-D- ATRIA CONVERGENCE TECHNOLOGIES,demo:family:75,"1,573.47",,"219,795.09"
05/02/26,05/02/26,EMI SBI HOME LOAN 381627,demo:family:183,"42,000.00",,"177,795.09"
05/02/26,05/02/26,ACH-D- ZEE ENTERTAINMENT ENTERPRISES,demo:family:55,199.00,,"177,596.09"
06/02/26,06/02/26,POS 9207XXXX1102 ZOMATO LTD BENGALURU,demo:family:539,226.57,,"177,369.52"
08/02/26,08/02/26,ACH-D- NETFLIX ENTERTAINMENT SERVICES,demo:family:13,799.00,,"176,570.52"
08/02/26,08/02/26,NACH-SIP KUVERA-1706-MF,demo:family:219,"15,000.00",,"161,570.52"
08/02/26,08/02/26,POS 9207XXXX1102 UBER INDIA SYSTEMS CHENNAI,demo:family:567,195.21,,"161,375.31"
08/02/26,08/02/26,UPI/AMAZONPAY/873898/PAYMENT,demo:family:780,"2,850.49",,"158,524.82"
09/02/26,09/02/26,POS 9207XXXX1102 UBER INDIA SYSTEMS PUNE,demo:family:603,389.83,,"158,134.99"
09/02/26,09/02/26,POS 9207XXXX1102 UBER INDIA SYSTEMS CHENNAI,demo:family:675,182.44,,"157,952.55"
11/02/26,11/02/26,ACH-D- CUREFIT HEALTHCARE PVT LTD,demo:family:111,"2,799.00",,"155,153.55"
11/02/26,11/02/26,UPI/UBERINDIA/824170/PAYMENT,demo:family:326,169.14,,"154,984.41"
12/02/26,12/02/26,UPI/MEGHA3072@YBL/186752/PAYMENT,demo:family:587,850.00,,"154,134.41"
13/02/26,13/02/26,UPI/UBERINDIA/905668/PAYMENT,demo:family:782,114.65,,"154,019.76"
14/02/26,14/02/26,UPI/TATAPOWERDL/205443/PAYMENT,demo:family:255,"2,159.87",,"151,859.89"
14/02/26,14/02/26,UPI/PRIYA7700@OKAXIS/368958/PAYMENT,demo:family:451,750.00,,"151,109.89"
15/02/26,15/02/26,NACH-ICICI BANK LOAN-8865,demo:family:201,"18,500.00",,"132,609.89"
16/02/26,16/02/26,UPI/SWIGGYUPI/625876/PAY,demo:family:334,700.00,,"131,909.89"
16/02/26,16/02/26,UPI/ARJUN6015@OKHDFCBANK/762619/PAYMENT,demo:family:345,400.00,,"131,509.89"
17/02/26,17/02/26,POS 9207XXXX1102 UBER INDIA SYSTEMS HYDERABAD,demo:family:616,224.01,,"131,285.88"
18/02/26,18/02/26,POS 9207XXXX1102 ZOMATO LTD BENGALURU,demo:family:426,254.73,,"131,031.15"
18/02/26,18/02/26,ACH-D- BHARTI AIRTEL LIMITED,demo:family:93,999.00,,"130,032.15"
19/02/26,19/02/26,UPI/SWIGGYUPI/795610/PAY,demo:family:697,468.04,,"129,564.11"
20/02/26,20/02/26,NEFT-AMAZONSELLER-1527-RTGS,demo:family:489,"4,500.00",,"125,064.11"
22/02/26,22/02/26,AUTOPAY CARD PAYMENT 755946,demo:family:237,"35,045.61",,"90,018.50"
23/02/26,23/02/26,POS 9207XXXX1102 AMAZON.IN GURGAON,demo:family:299,"2,350.90",,"87,667.60"
25/02/26,25/02/26,ACH-D- SONY PICTURES NETWORKS INDIA,demo:family:37,299.00,,"87,368.60"
26/02/26,26/02/26,UPI/SWIGGYUPI/113330/PAY,demo:family:511,573.45,,"86,795.15"
27/02/26,27/02/26,UPI/SWIGGYUPI/376022/PAY,demo:family:700,202.76,,"86,592.39"
28/02/26,28/02/26,ACH-D- BUNDL TECHNOLOGIES PVT LTD,demo:family:129,99.00,,"86,493.39"
28/02/26,28/02/26,UPI/UBERINDIA/837544/PAYMENT,demo:family:320,347.56,,"86,145.83"
01/03/26,01/03/26,SALARY GLOBEX CONSULTING PVT LTD 494334,demo:family:166,,"185,000.00","271,145.83"
01/03/26,01/03/26,IMPS-P2A-948566-ROHIT SHARMA,demo:family:300,"1,050.00",,"270,095.83"
01/03/26,01/03/26,POS 9207XXXX1102 UBER INDIA SYSTEMS DELHI,demo:family:470,416.55,,"269,679.28"
02/03/26,02/03/26,NEFT-VIJAY MEHTA-5632-RENT,demo:family:148,"32,000.00",,"237,679.28"
03/03/26,03/03/26,ACH-D- SBILOAN HOME EMI 643608,demo:family:184,"42,000.00",,"195,679.28"
04/03/26,04/03/26,NEFT-ACTFIBER-5500-RTGS,demo:family:76,"1,699.35",,"193,979.93"
05/03/26,05/03/26,POS 9207XXXX1102 SWIGGY BUNDL TECH PUNE,demo:family:657,700.00,,"193,279.93"
06/03/26,06/03/26,POS 9207XXXX7788 ZEE5.COM MUMBAI,demo:family:56,199.00,,"193,080.93"
07/03/26,07/03/26,POS 9207XXXX1102 AMAZON.IN CHENNAI,demo:family:365,930.87,,"192,150.06"
08/03/26,08/03/26,ACH-D- KUVERA AXIS BLUECHIP SIP,demo:family:220,"15,000.00",,"177,150.06"
08/03/26,08/03/26,UPI/MEGHA3131@YBL/336987/PAYMENT,demo:family:484,750.00,,"176,400.06"
09/03/26,09/03/26,POS 9207XXXX7788 CULT.FIT BENGALURU,demo:family:112,"2,799.00",,"173,601.06"
09/03/26,09/03/26,NEFT-NETFLIXENT-8024-RTGS,demo:family:14,799.00,,"172,802.06"
09/03/26,09/03/26,POS 9207XXXX1102 HP PETRO PUMP HYDERABAD,demo:family:534,"1,120.00",,"171,682.06"
10/03/26,10/03/26,POS 9207XXXX1102 INDIAN OIL MUMBAI,demo:family:449,990.00,,"170,692.06"
12/03/26,12/03/26,IMPS-P2A-497029-ROHIT SHARMA,demo:family:425,"1,550.00",,"169,142.06"
13/03/26,13/03/26,TATA POWER BILL 181281,demo:family:256,"3,399.42",,"165,742.64"
14/03/26,14/03/26,ACH-D- ICICILOAN CAR EMI 962031,demo:family:202,"18,500.00",,"147,242.64"
14/03/26,14/03/26,POS 9207XXXX1102 AMAZON.IN BENGALURU,demo:family:787,"4,500.00",,"142,742.64"
16/03/26,16/03/26,UPI/ARJUN8839@OKHDFCBANK/420261/PAYMENT,demo:family:505,550.00,,"142,192.64"
16/03/26,16/03/26,UPI/ZOMATO/978738/PAYMENT,demo:family:586,259.49,,"141,933.15"
16/03/26,16/03/26,POS 9207XXXX7788 AIRTEL.IN GURGAON,demo:family:94,999.00,,"140,934.15"
17/03/26,17/03/26,POS 9207XXXX1102 UBER INDIA SYSTEMS MUMBAI,demo:family:411,230.40,,"140,703.75"
17/03/26,17/03/26,UPI/UBERINDIA/130482/PAYMENT,demo:family:504,265.84,,"140,437.91"
17/03/26,17/03/26,UPI/SWIGGYUPI/215631/PAY,demo:family:755,275.00,,"140,162.91"
18/03/26,18/03/26,NEFT-AMAZONSELLER-6397-RTGS,demo:family:456,346.68,,"139,816.23"
20/03/26,20/03/26,POS 9207XXXX1102 ZOMATO LTD HYDERABAD,demo:family:353,655.20,,"139,161.03"
22/03/26,22/03/26,CC PAYMENT AUTOPAY AXIS 5024,demo:family:238,"59,278.82",,"79,882.21"
22/03/26,22/03/26,POS 9207XXXX1102 SWIGGY BUNDL TECH HYDERABAD,demo:family:564,267.55,,"79,614.66"
22/03/26,22/03/26,UPI/UBERINDIA/847506/PAYMENT,demo:family:706,190.51,,"79,424.15"
23/03/26,23/03/26,UPI/UBERINDIA/523382/PAYMENT,demo:family:614,428.81,,"78,995.34"
24/03/26,24/03/26,POS 9207XXXX1102 UBER INDIA SYSTEMS PUNE,demo:family:262,327.86,,"78,667.48"
24/03/26,24/03/26,UPI/SWIGGYUPI/391237/PAY,demo:family:552,700.00,,"77,967.48"
26/03/26,26/03/26,POS 9207XXXX7788 SWIGGY ONE BENGALURU,demo:family:130,99.00,,"77,868.48"
26/03/26,26/03/26,POS 9207XXXX7788 SONYLIV.COM MUMBAI,demo:family:38,299.00,,"77,569.48"
27/03/26,27/03/26,IMPS-P2A-589616-ROHIT SHARMA,demo:family:632,850.00,,"76,719.48"
28/03/26,28/03/26,POS 9207XXXX1102 SWIGGY BUNDL TECH PUNE,demo:family:403,276.46,,"76,443.02"
29/03/26,29/03/26,UPI/ARJUN5335@OKHDFCBANK/600738/PAYMENT,demo:family:384,700.00,,"75,743.02"
29/03/26,29/03/26,POS 9207XXXX1102 UBER INDIA SYSTEMS GURGAON,demo:family:602,444.23,,"75,298.79"
29/03/26,29/03/26,UPI/PRIYA6108@OKAXIS/694116/PAYMENT,demo:family:660,"1,800.00",,"73,498.79"
29/03/26,29/03/26,POS 9207XXXX1102 HP PETRO PUMP GURGAON,demo:family:667,"1,360.00",,"72,138.79"
30/03/26,30/03/26,NEFT-GLOBEX CONSULTING-7130-SALARY,demo:family:167,,"185,000.00","257,138.79"
31/03/26,31/03/26,IMPS-P2A-354558-VIJAY MEHTA RENT,demo:family:149,"32,000.00",,"225,138.79"
31/03/26,31/03/26,POS 9207XXXX1102 SWIGGY BUNDL TECH DELHI,demo:family:415,352.13,,"224,786.66"
31/03/26,31/03/26,UPI/MEGHA5922@YBL/355485/PAYMENT,demo:family:432,900.00,,"223,886.66"
31/03/26,31/03/26,POS 9207XXXX1102 UBER INDIA SYSTEMS HYDERABAD,demo:family:462,140.52,,"223,746.14"
31/03/26,31/03/26,ATM WDL CHENNAI 139755,demo:family:496,"3,500.00",,"220,246.14"
01/04/26,01/04/26,UPI/PRIYA6104@OKAXIS/900424/PAYMENT,demo:family:329,500.00,,"219,746.14"
03/04/26,03/04/26,ATM CASH 111095 GURGAON,demo:family:382,"6,000.00",,"213,746.14"
04/04/26,04/04/26,UPI/ACTFIBERNET/791945/PAYMENT,demo:family:77,"1,699.35",,"212,046.79"
05/04/26,05/04/26,EMI SBI HOME LOAN 207846,demo:family:185,"42,000.00",,"170,046.79"
05/04/26,05/04/26,POS 9207XXXX1102 UBER INDIA SYSTEMS CHENNAI,demo:family:298,600.00,,"169,446.79"
05/04/26,05/04/26,POS 9207XXXX1102 UBER INDIA SYSTEMS HYDERABAD,demo:family:370,285.74,,"169,161.05"
06/04/26,06/04/26,IMPS-P2A-412679-ROHIT SHARMA,demo:family:743,"1,050.00",,"168,111.05"
07/04/26,07/04/26,UPI/ZOMATO/648292/PAYMENT,demo:family:517,295.98,,"167,815.07"
08/04/26,08/04/26,NACH-SIP KUVERA-5228-MF,demo:family:221,"15,000.00",,"152,815.07"
08/04/26,08/04/26,POS 9207XXXX1102 UBER INDIA SYSTEMS GURGAON,demo:family:515,332.20,,"152,482.87"
08/04/26,08/04/26,UPI/ZEE5SUB/689432/PAYMENT,demo:family:57,199.00,,"152,283.87"
09/04/26,09/04/26,POS 9207XXXX7788 NETFLIX.COM MUMBAI,demo:family:15,799.00,,"151,484.87"
10/04/26,10/04/26,UPI/AMAZONPAY/878294/PAYMENT,demo:family:261,"1,289.16",,"150,195.71"
10/04/26,10/04/26,POS 9207XXXX1102 ZOMATO LTD BENGALURU,demo:family:418,259.88,,"149,935.83"
10/04/26,10/04/26,UPI/MEGHA7315@YBL/942980/PAYMENT,demo:family:434,450.00,,"149,485.83"
10/04/26,10/04/26,POS 9207XXXX1102 INDIAN OIL MUMBAI,demo:family:631,"2,320.00",,"147,165.83"
11/04/26,11/04/26,POS 9207XXXX1102 SWIGGY BUNDL TECH PUNE,demo:family:386,394.37,,"146,771.46"
11/04/26,11/04/26,POS 9207XXXX1102 SWIGGY BUNDL TECH GURGAON,demo:family:548,548.72,,"146,222.74"
11/04/26,11/04/26,POS 9207XXXX1102 INDIAN OIL GURGAON,demo:family:615,"3,000.00",,"143,222.74"
12/04/26,12/04/26,ATM CASH 269144 PUNE,demo:family:455,"7,000.00",,"136,222.74"
13/04/26,13/04/26,UPI/CULTFIT/772445/PAYMENT,demo:family:113,"2,799.00",,"133,423.74"
14/04/26,14/04/26,NACH-ICICI BANK LOAN-4332,demo:family:203,"18,500.00",,"114,923.74"
14/04/26,14/04/26,UPI/UBERINDIA/788203/PAYMENT,demo:family:494,570.31,,"114,353.43"
14/04/26,14/04/26,UPI/UBERINDIA/391590/PAYMENT,demo:family:669,196.57,,"114,156.86"
15/04/26,15/04/26,UPI/TATAPOWERDL/626813/PAYMENT,demo:family:257,"3,912.94",,"110,243.92"
16/04/26,16/04/26,POS 9207XXXX7788 HOTSTAR.COM MUMBAI,demo:family:23,299.00,,"109,944.92"
17/04/26,17/04/26,UPI/AIRTELPOSTPAID/266991/PAYMENT,demo:family:95,999.00,,"108,945.92"
18/04/26,18/04/26,POS 9207XXXX1102 SWIGGY BUNDL TECH BENGALURU,demo:family:774,452.72,,"108,493.20"
19/04/26,19/04/26,UPI/SWIGGYUPI/468110/PAY,demo:family:291,532.13,,"107,961.07"
19/04/26,19/04/26,ATM WDL DELHI 308328,demo:family:460,"10,000.00",,"97,961.07"
19/04/26,19/04/26,UPI/BHARATPETRO/675409/PAYMENT,demo:family:483,"1,030.00",,"96,931.07"
20/04/26,20/04/26,AUTOPAY CARD PAYMENT 437596,demo:family:239,"25,886.80",,"71,044.27"
21/04/26,21/04/26,UPI/PRIYA8592@OKAXIS/494491/PAYMENT,demo:family:373,300.00,,"70,744.27"
21/04/26,21/04/26,POS 9207XXXX1102 AMAZON.IN BENGALURU,demo:family:506,716.31,,"70,027.96"
22/04/26,22/04/26,UPI/IRCTCUPI/757378/PAYMENT,demo:family:389,572.33,,"69,455.63"
24/04/26,24/04/26,UPI/SONYLIVSUB/459080/PAYMENT,demo:family:39,299.00,,"69,156.63"
24/04/26,24/04/26,UPI/UBERINDIA/858861/PAYMENT,demo:family:561,353.87,,"68,802.76"
24/04/26,24/04/26,UPI/SWIGGY/387048/PAYMENT,demo:family:767,310.63,,"68,492.13"
25/04/26,25/04/26,POS 9207XXXX1102 UBER INDIA SYSTEMS DELHI,demo:family:359,327.36,,"68,164.77"
26/04/26,26/04/26,UPI/ZOMATO/357060/PAYMENT,demo:family:527,245.85,,"67,918.92"
27/04/26,27/04/26,UPI/SWIGGYONE/782692/PAYMENT,demo:family:131,99.00,,"67,819.92"
27/04/26,27/04/26,UPI/IRCTCUPI/482532/PAYMENT,demo:family:650,"1,473.99",,"66,345.93"
29/04/26,29/04/26,UPI/AMAZONPAY/646580/PAYMENT,demo:family:503,"3,311.65",,"63,034.28"
29/04/26,29/04/26,ATM CASH 159487 PUNE,demo:family:636,"2,000.00",,"61,034.28"
29/04/26,29/04/26,POS 9207XXXX1102 ZOMATO LTD DELHI,demo:family:725,583.32,,"60,450.96"
01/05/26,01/05/26,SALARY GLOBEX CONSULTING PVT LTD 482398,demo:family:168,,"185,000.00","245,450.96"
01/05/26,01/05/26,POS 9207XXXX1102 SWIGGY BUNDL TECH DELHI,demo:family:307,277.57,,"245,173.39"
03/05/26,03/05/26,NEFT-VIJAY MEHTA-5033-RENT,demo:family:150,"32,000.00",,"213,173.39"
04/05/26,04/05/26,UPI/PRIYA8996@OKAXIS/150809/PAYMENT,demo:family:281,"1,100.00",,"212,073.39"
04/05/26,04/05/26,ACH-D- ATRIA CONVERGENCE TECHNOLOGIES,demo:family:78,"1,699.35",,"210,374.04"
05/05/26,05/05/26,ACH-D- SBILOAN HOME EMI 796094,demo:family:186,"42,000.00",,"168,374.04"
05/05/26,05/05/26,POS 9207XXXX1102 INDIAN OIL BENGALURU,demo:family:478,"1,420.00",,"166,954.04"
05/05/26,05/05/26,NEFT-AMAZONSELLER-2636-RTGS,demo:family:666,"1,764.79",,"165,189.25"
06/05/26,06/05/26,ACH-D- ZEE ENTERTAINMENT ENTERPRISES,demo:family:58,199.00,,"164,990.25"
07/05/26,07/05/26,UPI/NETFLIX BILLDESK/789667/PAYMENT,demo:family:16,799.00,,"164,191.25"
09/05/26,09/05/26,UPI/UBERINDIA/378713/PAYMENT,demo:family:648,563.98,,"163,627.27"
10/05/26,10/05/26,ACH-D- KUVERA AXIS BLUECHIP SIP,demo:family:222,"15,000.00",,"148,627.27"
10/05/26,10/05/26,UPI/SWIGGY/145298/PAYMENT,demo:family:759,453.00,,"148,174.27"
11/05/26,11/05/26,UPI/UBERINDIA/110073/PAYMENT,demo:family:654,162.18,,"148,012.09"
12/05/26,12/05/26,ACH-D- CUREFIT HEALTHCARE PVT LTD,demo:family:114,"2,799.00",,"145,213.09"
13/05/26,13/05/26,UPI/SWIGGY/734311/PAYMENT,demo:family:393,235.30,,"144,977.79"
14/05/26,14/05/26,TATA POWER BILL 695058,demo:family:258,"2,581.76",,"142,396.03"
14/05/26,14/05/26,UPI/MEGHA7509@YBL/128519/PAYMENT,demo:family:571,"1,150.00",,"141,246.03"
15/05/26,15/05/26,POS 9207XXXX1102 SWIGGY BUNDL TECH DELHI,demo:family:270,305.27,,"140,940.76"
16/05/26,16/05/26,ACH-D- ICICILOAN CAR EMI 226022,demo:family:204,"18,500.00",,"122,440.76"
16/05/26,16/05/26,UPI/ZOMATO/252011/PAYMENT,demo:family:289,288.63,,"122,152.13"
16/05/26,16/05/26,UPI/PRIYA6100@OKAXIS/462694/PAYMENT,demo:family:785,500.00,,"121,652.13"
18/05/26,18/05/26,IMPS-P2A-650503-ROHIT SHARMA,demo:family:598,"2,000.00",,"119,652.13"
18/05/26,18/05/26,ACH-D- BHARTI AIRTEL LIMITED,demo:family:96,999.00,,"118,653.13"
20/05/26,20/05/26,UPI/PRIYA1095@OKAXIS/314570/PAYMENT,demo:family:549,"1,200.00",,"117,453.13"
21/05/26,21/05/26,POS 9207XXXX1102 SWIGGY BUNDL TECH BENGALURU,demo:family:566,349.12,,"117,104.01"
22/05/26,22/05/26,ACH-D- SONY PICTURES NETWORKS INDIA,demo:family:40,299.00,,"116,805.01"
22/05/26,22/05/26,IMPS-P2A-462028-ROHIT SHARMA,demo:family:441,"1,350.00",,"115,455.01"
22/05/26,22/05/26,UPI/UBERINDIA/872773/PAYMENT,demo:family:559,403.00,,"115,052.01"
22/05/26,22/05/26,UPI/IRCTCUPI/176686/PAYMENT,demo:family:688,"1,909.37",,"113,142.64"
23/05/26,23/05/26,CC PAYMENT AUTOPAY AXIS 2458,demo:family:240,"47,820.74",,"65,321.90"
23/05/26,23/05/26,POS 9207XXXX1102 SWIGGY BUNDL TECH BENGALURU,demo:family:508,267.72,,"65,054.18"
24/05/26,24/05/26,UPI/UBERINDIA/737563/PAYMENT,demo:family:686,122.16,,"64,932.02"
28/05/26,28/05/26,ACH-D- BUNDL TECHNOLOGIES PVT LTD,demo:family:132,99.00,,"64,833.02"
28/05/26,28/05/26,UPI/SWIGGY/731672/PAYMENT,demo:family:781,296.72,,"64,536.30"
29/05/26,29/05/26,POS 9207XXXX1102 AMAZON.IN CHENNAI,demo:family:277,"4,500.00",,"60,036.30"
30/05/26,30/05/26,POS 9207XXXX1102 ZOMATO LTD CHENNAI,demo:family:562,451.72,,"59,584.58"
31/05/26,31/05/26,UPI/SWIGGY/291203/PAYMENT,demo:family:493,700.00,,"58,884.58"
01/06/26,01/06/26,NEFT-GLOBEX CONSULTING-6799-SALARY,demo:family:169,,"185,000.00","243,884.58"
04/06/26,04/06/26,IMPS-P2A-107661-VIJAY MEHTA RENT,demo:family:151,"32,000.00",,"211,884.58"
04/06/26,04/06/26,POS 9207XXXX1102 SWIGGY BUNDL TECH MUMBAI,demo:family:433,371.77,,"211,512.81"
04/06/26,04/06/26,POS 9207XXXX7788 ZEE5.COM MUMBAI,demo:family:59,199.00,,"211,313.81"
04/06/26,04/06/26,NEFT-ACTFIBER-4482-RTGS,demo:family:79,"1,699.35",,"209,614.46"
05/06/26,05/06/26,EMI SBI HOME LOAN 263073,demo:family:187,"42,000.00",,"167,614.46"
05/06/26,05/06/26,UPI/UBERINDIA/103884/PAYMENT,demo:family:524,600.00,,"167,014.46"
05/06/26,05/06/26,UPI/BHARATPETRO/249138/PAYMENT,demo:family:556,"1,180.00",,"165,834.46"
06/06/26,06/06/26,NACH-SIP KUVERA-4530-MF,demo:family:223,"15,000.00",,"150,834.46"
06/06/26,06/06/26,POS 9207XXXX1102 ZOMATO LTD DELHI,demo:family:447,252.59,,"150,581.87"
07/06/26,07/06/26,POS 9207XXXX1102 SWIGGY BUNDL TECH HYDERABAD,demo:family:453,362.15,,"150,219.72"
08/06/26,08/06/26,ATM CASH 639697 GURGAON,demo:family:408,"1,500.00",,"148,719.72"
09/06/26,09/06/26,POS 9207XXXX7788 CULT.FIT BENGALURU,demo:family:115,"2,799.00",,"145,920.72"
09/06/26,09/06/26,NEFT-AMAZONSELLER-8640-RTGS,demo:family:292,997.15,,"144,923.57"
09/06/26,09/06/26,UPI/BHARATPETRO/868924/PAYMENT,demo:family:763,"2,120.00",,"142,803.57"
10/06/26,10/06/26,POS 9207XXXX1102 UBER INDIA SYSTEMS CHENNAI,demo:family:481,357.16,,"142,446.41"
10/06/26,10/06/26,POS 9207XXXX1102 AMAZON.IN BENGALURU,demo:family:772,"2,661.90",,"139,784.51"
11/06/26,11/06/26,ACH-D- NETFLIX ENTERTAINMENT SERVICES,demo:family:17,799.00,,"138,985.51"
12/06/26,12/06/26,UPI/TATAPOWERDL/512538/PAYMENT,demo:family:259,"4,723.71",,"134,261.80"
12/06/26,12/06/26,UPI/MEGHA9201@YBL/290999/PAYMENT,demo:family:293,"1,500.00",,"132,761.80"
13/06/26,13/06/26,POS 9207XXXX1102 SWIGGY BUNDL TECH MUMBAI,demo:family:519,226.70,,"132,535.10"
14/06/26,14/06/26,IMPS-P2A-416380-ROHIT SHARMA,demo:family:691,"1,000.00",,"131,535.10"
15/06/26,15/06/26,UPI/UBERINDIA/605037/PAYMENT,demo:family:452,149.40,,"131,385.70"
15/06/26,15/06/26,POS 9207XXXX1102 ZOMATO LTD PUNE,demo:family:732,539.67,,"130,846.03"
16/06/26,16/06/26,NACH-ICICI BANK LOAN-4065,demo:family:205,"18,500.00",,"112,346.03"
16/06/26,16/06/26,UPI/MEGHA9333@YBL/867409/PAYMENT,demo:family:349,"1,650.00",,"110,696.03"
16/06/26,16/06/26,UPI/ZOMATO/585932/PAYMENT,demo:family:390,274.62,,"110,421.41"
16/06/26,16/06/26,UPI/ZOMATO/489269/PAYMENT,demo:family:595,263.86,,"110,157.55"
17/06/26,17/06/26,POS 9207XXXX7788 AIRTEL.IN GURGAON,demo:family:97,999.00,,"109,158.55"
18/06/26,18/06/26,POS 9207XXXX1102 SWIGGY BUNDL TECH MUMBAI,demo:family:283,263.10,,"108,895.45"
18/06/26,18/06/26,POS 9207XXXX1102 ZOMATO LTD DELHI,demo:family:778,248.48,,"108,646.97"
21/06/26,21/06/26,POS 9207XXXX1102 SWIGGY BUNDL TECH PUNE,demo:family:480,270.28,,"108,376.69"
22/06/26,22/06/26,AUTOPAY CARD PAYMENT 827740,demo:family:241,"26,536.56",,"81,840.13"
23/06/26,23/06/26,POS 9207XXXX7788 SONYLIV.COM MUMBAI,demo:family:41,299.00,,"81,541.13"
25/06/26,25/06/26,POS 9207XXXX1102 HP PETRO PUMP MUMBAI,demo:family:410,"1,240.00",,"80,301.13"
26/06/26,26/06/26,NEFT-AMAZONSELLER-7860-RTGS,demo:family:303,"2,385.91",,"77,915.22"
27/06/26,27/06/26,UPI/SWIGGY/848077/PAYMENT,demo:family:658,566.16,,"77,349.06"
29/06/26,29/06/26,POS 9207XXXX7788 SWIGGY ONE BENGALURU,demo:family:133,99.00,,"77,250.06"
